"ClassLables","Recall","Precision","Sensitivity","Specifity","F-measure","learner","Accuracy","Cohen's kappa","Area Under Curve","#Genes","#Clusters","Iteration"
"pos",0.5,1,0.5,1,0.6666666666666666,"svm",0.8181818181818182,0.56,0.9285714285714285,10,1,0
"pos",0.75,1,0.75,1,0.8571428571428571,"svm",0.9090909090909091,0.7924528301886792,0.9642857142857143,15,2,1
"pos",0.75,1,0.75,1,0.8571428571428571,"svm",0.9090909090909091,0.7924528301886792,1,32,3,2
"pos",0.75,1,0.75,1,0.8571428571428571,"svm",0.9090909090909091,0.7924528301886792,1,32,3,3
"pos",0.75,1,0.75,1,0.8571428571428571,"svm",0.9090909090909091,0.7924528301886792,1,32,3,4
"pos",0.75,1,0.75,1,0.8571428571428571,"svm",0.9090909090909091,0.7924528301886792,1,32,3,5
"pos",0.75,1,0.75,1,0.8571428571428571,"svm",0.9090909090909091,0.7924528301886792,1,32,3,6
"pos",0.75,1,0.75,1,0.8571428571428571,"svm",0.9090909090909091,0.7924528301886792,1,32,3,7
"pos",0.75,1,0.75,1,0.8571428571428571,"svm",0.9090909090909091,0.7924528301886792,1,32,3,8
"pos",0.75,1,0.75,1,0.8571428571428571,"svm",0.9090909090909091,0.7924528301886792,1,32,3,9
"pos",0.25,1,0.25,1,0.4,"svm",0.7272727272727273,0.297872340425532,0.9285714285714286,24,1,0
"pos",0.25,1,0.25,1,0.4,"svm",0.7272727272727273,0.297872340425532,0.9642857142857143,39,2,1
"pos",0.25,1,0.25,1,0.4,"svm",0.7272727272727273,0.297872340425532,0.9642857142857143,41,3,2
"pos",0.25,1,0.25,1,0.4,"svm",0.7272727272727273,0.297872340425532,1,57,4,3
"pos",0.25,1,0.25,1,0.4,"svm",0.7272727272727273,0.297872340425532,1,57,4,4
"pos",0.25,1,0.25,1,0.4,"svm",0.7272727272727273,0.297872340425532,1,57,4,5
"pos",0.25,1,0.25,1,0.4,"svm",0.7272727272727273,0.297872340425532,1,57,4,6
"pos",0.25,1,0.25,1,0.4,"svm",0.7272727272727273,0.297872340425532,1,57,4,7
"pos",0.25,1,0.25,1,0.4,"svm",0.7272727272727273,0.297872340425532,1,57,4,8
"pos",0.25,1,0.25,1,0.4,"svm",0.7272727272727273,0.297872340425532,1,57,4,9
"pos",0.75,1,0.75,1,0.8571428571428571,"svm",0.9090909090909091,0.7924528301886792,1,15,1,0
"pos",1,1,1,1,1,"svm",1,1,1,21,2,1
"pos",1,1,1,1,1,"svm",1,1,1,23,3,2
"pos",1,1,1,1,1,"svm",1,1,1,23,3,3
"pos",1,1,1,1,1,"svm",1,1,1,23,3,4
"pos",1,1,1,1,1,"svm",1,1,1,23,3,5
"pos",1,1,1,1,1,"svm",1,1,1,23,3,6
"pos",1,1,1,1,1,"svm",1,1,1,23,3,7
"pos",1,1,1,1,1,"svm",1,1,1,23,3,8
"pos",1,1,1,1,1,"svm",1,1,1,23,3,9
"pos",0.25,0.5,0.25,0.8571428571428571,0.3333333333333333,"svm",0.6363636363636364,0.11999999999999988,0.6785714285714286,2,1,0
"pos",0.25,0.5,0.25,0.8571428571428571,0.3333333333333333,"svm",0.6363636363636364,0.11999999999999988,0.6785714285714286,2,1,1
"pos",0.25,0.5,0.25,0.8571428571428571,0.3333333333333333,"svm",0.6363636363636364,0.11999999999999988,0.6785714285714286,2,1,2
"pos",0.25,0.5,0.25,0.8571428571428571,0.3333333333333333,"svm",0.6363636363636364,0.11999999999999988,0.6785714285714286,2,1,3
"pos",0.25,0.5,0.25,0.8571428571428571,0.3333333333333333,"svm",0.6363636363636364,0.11999999999999988,0.6785714285714286,2,1,4
"pos",0.25,0.5,0.25,0.8571428571428571,0.3333333333333333,"svm",0.6363636363636364,0.11999999999999988,0.6785714285714286,2,1,5
"pos",0.25,0.5,0.25,0.8571428571428571,0.3333333333333333,"svm",0.6363636363636364,0.11999999999999988,0.6785714285714286,2,1,6
"pos",0.25,0.5,0.25,0.8571428571428571,0.3333333333333333,"svm",0.6363636363636364,0.11999999999999988,0.6785714285714286,2,1,7
"pos",0.25,0.5,0.25,0.8571428571428571,0.3333333333333333,"svm",0.6363636363636364,0.11999999999999988,0.6785714285714286,2,1,8
"pos",0.25,0.5,0.25,0.8571428571428571,0.3333333333333333,"svm",0.6363636363636364,0.11999999999999988,0.6785714285714286,2,1,9
"pos",0.75,0.75,0.75,0.8571428571428571,0.75,"svm",0.8181818181818182,0.6071428571428573,0.8928571428571428,27,1,0
"pos",0.75,0.75,0.75,0.8571428571428571,0.75,"svm",0.8181818181818182,0.6071428571428573,0.8928571428571429,50,2,1
"pos",0.75,0.75,0.75,0.8571428571428571,0.75,"svm",0.8181818181818182,0.6071428571428573,0.875,56,3,2
"pos",0.75,0.75,0.75,0.8571428571428571,0.75,"svm",0.8181818181818182,0.6071428571428573,0.8571428571428571,61,4,3
"pos",0.75,0.75,0.75,0.8571428571428571,0.75,"svm",0.8181818181818182,0.6071428571428573,0.8571428571428571,63,5,4
"pos",0.75,0.75,0.75,0.8571428571428571,0.75,"svm",0.8181818181818182,0.6071428571428573,0.8571428571428571,65,6,5
"pos",0.75,0.75,0.75,0.8571428571428571,0.75,"svm",0.8181818181818182,0.6071428571428573,0.8571428571428571,67,7,6
"pos",0.75,0.75,0.75,0.8571428571428571,0.75,"svm",0.8181818181818182,0.6071428571428573,0.8571428571428571,67,7,7
"pos",0.75,0.75,0.75,0.8571428571428571,0.75,"svm",0.8181818181818182,0.6071428571428573,0.8571428571428571,67,7,8
"pos",0.75,0.75,0.75,0.8571428571428571,0.75,"svm",0.8181818181818182,0.6071428571428573,0.8571428571428571,67,7,9
"pos",1,0.8,1,0.8571428571428571,0.888888888888889,"svm",0.9090909090909091,0.8135593220338982,0.9642857142857143,3,1,0
"pos",1,0.8,1,0.8571428571428571,0.888888888888889,"svm",0.9090909090909091,0.8135593220338982,1,5,2,1
"pos",1,0.8,1,0.8571428571428571,0.888888888888889,"svm",0.9090909090909091,0.8135593220338982,0.9642857142857143,9,3,2
"pos",1,0.8,1,0.8571428571428571,0.888888888888889,"svm",0.9090909090909091,0.8135593220338982,0.9285714285714285,13,4,3
"pos",1,0.8,1,0.8571428571428571,0.888888888888889,"svm",0.9090909090909091,0.8135593220338982,0.9285714285714285,15,5,4
"pos",1,0.8,1,0.8571428571428571,0.888888888888889,"svm",0.9090909090909091,0.8135593220338982,0.9285714285714285,15,5,5
"pos",1,0.8,1,0.8571428571428571,0.888888888888889,"svm",0.9090909090909091,0.8135593220338982,0.9285714285714285,15,5,6
"pos",1,0.8,1,0.8571428571428571,0.888888888888889,"svm",0.9090909090909091,0.8135593220338982,0.9285714285714285,15,5,7
"pos",1,0.8,1,0.8571428571428571,0.888888888888889,"svm",0.9090909090909091,0.8135593220338982,0.9285714285714285,15,5,8
"pos",1,0.8,1,0.8571428571428571,0.888888888888889,"svm",0.9090909090909091,0.8135593220338982,0.9285714285714285,15,5,9
"pos",1,1,1,1,1,"svm",1,1,1,12,1,0
"pos",1,1,1,1,1,"svm",1,1,1,14,2,1
"pos",1,1,1,1,1,"svm",1,1,1,17,3,2
"pos",1,1,1,1,1,"svm",1,1,1,17,3,3
"pos",1,1,1,1,1,"svm",1,1,1,17,3,4
"pos",1,1,1,1,1,"svm",1,1,1,17,3,5
"pos",1,1,1,1,1,"svm",1,1,1,17,3,6
"pos",1,1,1,1,1,"svm",1,1,1,17,3,7
"pos",1,1,1,1,1,"svm",1,1,1,17,3,8
"pos",1,1,1,1,1,"svm",1,1,1,17,3,9
"pos",1,1,1,1,1,"svm",1,1,1,9,1,0
"pos",1,1,1,1,1,"svm",1,1,1,11,2,1
"pos",1,1,1,1,1,"svm",1,1,1,11,2,2
"pos",1,1,1,1,1,"svm",1,1,1,11,2,3
"pos",1,1,1,1,1,"svm",1,1,1,11,2,4
"pos",1,1,1,1,1,"svm",1,1,1,11,2,5
"pos",1,1,1,1,1,"svm",1,1,1,11,2,6
"pos",1,1,1,1,1,"svm",1,1,1,11,2,7
"pos",1,1,1,1,1,"svm",1,1,1,11,2,8
"pos",1,1,1,1,1,"svm",1,1,1,11,2,9
"pos",1,1,1,1,1,"svm",1,1,1,7,1,0
"pos",1,1,1,1,1,"svm",1,1,1,10,2,1
"pos",1,1,1,1,1,"svm",1,1,1,10,2,2
"pos",1,1,1,1,1,"svm",1,1,1,10,2,3
"pos",1,1,1,1,1,"svm",1,1,1,10,2,4
"pos",1,1,1,1,1,"svm",1,1,1,10,2,5
"pos",1,1,1,1,1,"svm",1,1,1,10,2,6
"pos",1,1,1,1,1,"svm",1,1,1,10,2,7
"pos",1,1,1,1,1,"svm",1,1,1,10,2,8
"pos",1,1,1,1,1,"svm",1,1,1,10,2,9
"pos",0.75,0.75,0.75,0.8571428571428571,0.75,"svm",0.8181818181818182,0.6071428571428573,0.8928571428571429,9,1,0
"pos",1,0.8,1,0.8571428571428571,0.888888888888889,"svm",0.9090909090909091,0.8135593220338982,0.9285714285714285,29,2,1
"pos",1,0.8,1,0.8571428571428571,0.888888888888889,"svm",0.9090909090909091,0.8135593220338982,0.9285714285714285,40,3,2
"pos",1,0.8,1,0.8571428571428571,0.888888888888889,"svm",0.9090909090909091,0.8135593220338982,0.9285714285714285,40,3,3
"pos",1,0.8,1,0.8571428571428571,0.888888888888889,"svm",0.9090909090909091,0.8135593220338982,0.9285714285714285,40,3,4
"pos",1,0.8,1,0.8571428571428571,0.888888888888889,"svm",0.9090909090909091,0.8135593220338982,0.9285714285714285,40,3,5
"pos",1,0.8,1,0.8571428571428571,0.888888888888889,"svm",0.9090909090909091,0.8135593220338982,0.9285714285714285,40,3,6
"pos",1,0.8,1,0.8571428571428571,0.888888888888889,"svm",0.9090909090909091,0.8135593220338982,0.9285714285714285,40,3,7
"pos",1,0.8,1,0.8571428571428571,0.888888888888889,"svm",0.9090909090909091,0.8135593220338982,0.9285714285714285,40,3,8
"pos",1,0.8,1,0.8571428571428571,0.888888888888889,"svm",0.9090909090909091,0.8135593220338982,0.9285714285714285,40,3,9
"pos",0.75,1,0.75,1,0.8571428571428571,"svm",0.9090909090909091,0.7924528301886792,1,14,1,0
"pos",0.5,1,0.5,1,0.6666666666666666,"svm",0.8181818181818182,0.56,1,17,2,1
"pos",1,1,1,1,1,"svm",1,1,1,110,3,2
"pos",1,1,1,1,1,"svm",1,1,1,110,3,3
"pos",1,1,1,1,1,"svm",1,1,1,110,3,4
"pos",1,1,1,1,1,"svm",1,1,1,110,3,5
"pos",1,1,1,1,1,"svm",1,1,1,110,3,6
"pos",1,1,1,1,1,"svm",1,1,1,110,3,7
"pos",1,1,1,1,1,"svm",1,1,1,110,3,8
"pos",1,1,1,1,1,"svm",1,1,1,110,3,9
"pos",0.5,1,0.5,1,0.6666666666666666,"svm",0.8181818181818182,0.56,0.9642857142857143,23,1,0
"pos",0.5,1,0.5,1,0.6666666666666666,"svm",0.8181818181818182,0.56,0.9642857142857143,28,2,1
"pos",0.75,1,0.75,1,0.8571428571428571,"svm",0.9090909090909091,0.7924528301886792,0.9642857142857143,30,3,2
"pos",0.75,1,0.75,1,0.8571428571428571,"svm",0.9090909090909091,0.7924528301886792,0.9642857142857143,30,3,3
"pos",0.75,1,0.75,1,0.8571428571428571,"svm",0.9090909090909091,0.7924528301886792,0.9642857142857143,30,3,4
"pos",0.75,1,0.75,1,0.8571428571428571,"svm",0.9090909090909091,0.7924528301886792,0.9642857142857143,30,3,5
"pos",0.75,1,0.75,1,0.8571428571428571,"svm",0.9090909090909091,0.7924528301886792,0.9642857142857143,30,3,6
"pos",0.75,1,0.75,1,0.8571428571428571,"svm",0.9090909090909091,0.7924528301886792,0.9642857142857143,30,3,7
"pos",0.75,1,0.75,1,0.8571428571428571,"svm",0.9090909090909091,0.7924528301886792,0.9642857142857143,30,3,8
"pos",0.75,1,0.75,1,0.8571428571428571,"svm",0.9090909090909091,0.7924528301886792,0.9642857142857143,30,3,9
"pos",0.75,1,0.75,1,0.8571428571428571,"svm",0.9090909090909091,0.7924528301886792,1,6,1,0
"pos",0.75,1,0.75,1,0.8571428571428571,"svm",0.9090909090909091,0.7924528301886792,1,10,2,1
"pos",1,1,1,1,1,"svm",1,1,1,13,3,2
"pos",0.75,1,0.75,1,0.8571428571428571,"svm",0.9090909090909091,0.7924528301886792,1,15,4,3
"pos",0.75,1,0.75,1,0.8571428571428571,"svm",0.9090909090909091,0.7924528301886792,1,15,4,4
"pos",0.75,1,0.75,1,0.8571428571428571,"svm",0.9090909090909091,0.7924528301886792,1,15,4,5
"pos",0.75,1,0.75,1,0.8571428571428571,"svm",0.9090909090909091,0.7924528301886792,1,15,4,6
"pos",0.75,1,0.75,1,0.8571428571428571,"svm",0.9090909090909091,0.7924528301886792,1,15,4,7
"pos",0.75,1,0.75,1,0.8571428571428571,"svm",0.9090909090909091,0.7924528301886792,1,15,4,8
"pos",0.75,1,0.75,1,0.8571428571428571,"svm",0.9090909090909091,0.7924528301886792,1,15,4,9
"pos",1,0.8,1,0.8571428571428571,0.888888888888889,"svm",0.9090909090909091,0.8135593220338982,1,4,1,0
"pos",1,0.8,1,0.8571428571428571,0.888888888888889,"svm",0.9090909090909091,0.8135593220338982,1,4,1,1
"pos",1,0.8,1,0.8571428571428571,0.888888888888889,"svm",0.9090909090909091,0.8135593220338982,1,4,1,2
"pos",1,0.8,1,0.8571428571428571,0.888888888888889,"svm",0.9090909090909091,0.8135593220338982,1,4,1,3
"pos",1,0.8,1,0.8571428571428571,0.888888888888889,"svm",0.9090909090909091,0.8135593220338982,1,4,1,4
"pos",1,0.8,1,0.8571428571428571,0.888888888888889,"svm",0.9090909090909091,0.8135593220338982,1,4,1,5
"pos",1,0.8,1,0.8571428571428571,0.888888888888889,"svm",0.9090909090909091,0.8135593220338982,1,4,1,6
"pos",1,0.8,1,0.8571428571428571,0.888888888888889,"svm",0.9090909090909091,0.8135593220338982,1,4,1,7
"pos",1,0.8,1,0.8571428571428571,0.888888888888889,"svm",0.9090909090909091,0.8135593220338982,1,4,1,8
"pos",1,0.8,1,0.8571428571428571,0.888888888888889,"svm",0.9090909090909091,0.8135593220338982,1,4,1,9
"pos",1,1,1,1,1,"svm",1,1,1,5,1,0
"pos",1,1,1,1,1,"svm",1,1,1,9,2,1
"pos",1,0.8,1,0.8571428571428571,0.888888888888889,"svm",0.9090909090909091,0.8135593220338982,1,11,3,2
"pos",1,0.8,1,0.8571428571428571,0.888888888888889,"svm",0.9090909090909091,0.8135593220338982,1,11,3,3
"pos",1,0.8,1,0.8571428571428571,0.888888888888889,"svm",0.9090909090909091,0.8135593220338982,1,11,3,4
"pos",1,0.8,1,0.8571428571428571,0.888888888888889,"svm",0.9090909090909091,0.8135593220338982,1,11,3,5
"pos",1,0.8,1,0.8571428571428571,0.888888888888889,"svm",0.9090909090909091,0.8135593220338982,1,11,3,6
"pos",1,0.8,1,0.8571428571428571,0.888888888888889,"svm",0.9090909090909091,0.8135593220338982,1,11,3,7
"pos",1,0.8,1,0.8571428571428571,0.888888888888889,"svm",0.9090909090909091,0.8135593220338982,1,11,3,8
"pos",1,0.8,1,0.8571428571428571,0.888888888888889,"svm",0.9090909090909091,0.8135593220338982,1,11,3,9
"pos",0.5,0.6666666666666666,0.5,0.8571428571428571,0.5714285714285715,"svm",0.7272727272727273,0.37735849056603776,0.9107142857142857,6,1,0
"pos",0.5,0.6666666666666666,0.5,0.8571428571428571,0.5714285714285715,"svm",0.7272727272727273,0.37735849056603776,0.9107142857142857,6,1,1
"pos",0.5,0.6666666666666666,0.5,0.8571428571428571,0.5714285714285715,"svm",0.7272727272727273,0.37735849056603776,0.9107142857142857,6,1,2
"pos",0.5,0.6666666666666666,0.5,0.8571428571428571,0.5714285714285715,"svm",0.7272727272727273,0.37735849056603776,0.9107142857142857,6,1,3
"pos",0.5,0.6666666666666666,0.5,0.8571428571428571,0.5714285714285715,"svm",0.7272727272727273,0.37735849056603776,0.9107142857142857,6,1,4
"pos",0.5,0.6666666666666666,0.5,0.8571428571428571,0.5714285714285715,"svm",0.7272727272727273,0.37735849056603776,0.9107142857142857,6,1,5
"pos",0.5,0.6666666666666666,0.5,0.8571428571428571,0.5714285714285715,"svm",0.7272727272727273,0.37735849056603776,0.9107142857142857,6,1,6
"pos",0.5,0.6666666666666666,0.5,0.8571428571428571,0.5714285714285715,"svm",0.7272727272727273,0.37735849056603776,0.9107142857142857,6,1,7
"pos",0.5,0.6666666666666666,0.5,0.8571428571428571,0.5714285714285715,"svm",0.7272727272727273,0.37735849056603776,0.9107142857142857,6,1,8
"pos",0.5,0.6666666666666666,0.5,0.8571428571428571,0.5714285714285715,"svm",0.7272727272727273,0.37735849056603776,0.9107142857142857,6,1,9
"pos",1,0.8,1,0.8571428571428571,0.888888888888889,"svm",0.9090909090909091,0.8135593220338982,1,11,1,0
"pos",1,0.8,1,0.8571428571428571,0.888888888888889,"svm",0.9090909090909091,0.8135593220338982,1,13,2,1
"pos",1,0.8,1,0.8571428571428571,0.888888888888889,"svm",0.9090909090909091,0.8135593220338982,1,13,2,2
"pos",1,0.8,1,0.8571428571428571,0.888888888888889,"svm",0.9090909090909091,0.8135593220338982,1,13,2,3
"pos",1,0.8,1,0.8571428571428571,0.888888888888889,"svm",0.9090909090909091,0.8135593220338982,1,13,2,4
"pos",1,0.8,1,0.8571428571428571,0.888888888888889,"svm",0.9090909090909091,0.8135593220338982,1,13,2,5
"pos",1,0.8,1,0.8571428571428571,0.888888888888889,"svm",0.9090909090909091,0.8135593220338982,1,13,2,6
"pos",1,0.8,1,0.8571428571428571,0.888888888888889,"svm",0.9090909090909091,0.8135593220338982,1,13,2,7
"pos",1,0.8,1,0.8571428571428571,0.888888888888889,"svm",0.9090909090909091,0.8135593220338982,1,13,2,8
"pos",1,0.8,1,0.8571428571428571,0.888888888888889,"svm",0.9090909090909091,0.8135593220338982,1,13,2,9
"pos",1,1,1,1,1,"svm",1,1,1,7,1,0
"pos",0.75,1,0.75,1,0.8571428571428571,"svm",0.9090909090909091,0.7924528301886792,1,13,2,1
"pos",0.75,1,0.75,1,0.8571428571428571,"svm",0.9090909090909091,0.7924528301886792,1,17,3,2
"pos",0.75,1,0.75,1,0.8571428571428571,"svm",0.9090909090909091,0.7924528301886792,1,19,4,3
"pos",0.75,1,0.75,1,0.8571428571428571,"svm",0.9090909090909091,0.7924528301886792,1,21,5,4
"pos",0.75,1,0.75,1,0.8571428571428571,"svm",0.9090909090909091,0.7924528301886792,1,21,5,5
"pos",0.75,1,0.75,1,0.8571428571428571,"svm",0.9090909090909091,0.7924528301886792,1,21,5,6
"pos",0.75,1,0.75,1,0.8571428571428571,"svm",0.9090909090909091,0.7924528301886792,1,21,5,7
"pos",0.75,1,0.75,1,0.8571428571428571,"svm",0.9090909090909091,0.7924528301886792,1,21,5,8
"pos",0.75,1,0.75,1,0.8571428571428571,"svm",0.9090909090909091,0.7924528301886792,1,21,5,9
"pos",1,0.8,1,0.8571428571428571,0.888888888888889,"svm",0.9090909090909091,0.8135593220338982,1,2,1,0
"pos",1,0.8,1,0.8571428571428571,0.888888888888889,"svm",0.9090909090909091,0.8135593220338982,1,2,1,1
"pos",1,0.8,1,0.8571428571428571,0.888888888888889,"svm",0.9090909090909091,0.8135593220338982,1,2,1,2
"pos",1,0.8,1,0.8571428571428571,0.888888888888889,"svm",0.9090909090909091,0.8135593220338982,1,2,1,3
"pos",1,0.8,1,0.8571428571428571,0.888888888888889,"svm",0.9090909090909091,0.8135593220338982,1,2,1,4
"pos",1,0.8,1,0.8571428571428571,0.888888888888889,"svm",0.9090909090909091,0.8135593220338982,1,2,1,5
"pos",1,0.8,1,0.8571428571428571,0.888888888888889,"svm",0.9090909090909091,0.8135593220338982,1,2,1,6
"pos",1,0.8,1,0.8571428571428571,0.888888888888889,"svm",0.9090909090909091,0.8135593220338982,1,2,1,7
"pos",1,0.8,1,0.8571428571428571,0.888888888888889,"svm",0.9090909090909091,0.8135593220338982,1,2,1,8
"pos",1,0.8,1,0.8571428571428571,0.888888888888889,"svm",0.9090909090909091,0.8135593220338982,1,2,1,9
"pos",1,1,1,1,1,"svm",1,1,1,1,1,0
"pos",1,1,1,1,1,"svm",1,1,1,2,2,1
"pos",1,1,1,1,1,"svm",1,1,1,3,3,2
"pos",1,1,1,1,1,"svm",1,1,1,4,4,3
"pos",1,1,1,1,1,"svm",1,1,1,4,4,4
"pos",1,1,1,1,1,"svm",1,1,1,4,4,5
"pos",1,1,1,1,1,"svm",1,1,1,4,4,6
"pos",1,1,1,1,1,"svm",1,1,1,4,4,7
"pos",1,1,1,1,1,"svm",1,1,1,4,4,8
"pos",1,1,1,1,1,"svm",1,1,1,4,4,9
"pos",0.75,1,0.75,1,0.8571428571428571,"svm",0.9090909090909091,0.7924528301886792,0.8571428571428571,62,1,0
"pos",0.5,1,0.5,1,0.6666666666666666,"svm",0.8181818181818182,0.56,0.9642857142857143,76,2,1
"pos",0.5,1,0.5,1,0.6666666666666666,"svm",0.8181818181818182,0.56,1,77,3,2
"pos",0.75,1,0.75,1,0.8571428571428571,"svm",0.9090909090909091,0.7924528301886792,1,84,4,3
"pos",0.75,1,0.75,1,0.8571428571428571,"svm",0.9090909090909091,0.7924528301886792,1,86,5,4
"pos",0.75,1,0.75,1,0.8571428571428571,"svm",0.9090909090909091,0.7924528301886792,1,89,6,5
"pos",0.75,1,0.75,1,0.8571428571428571,"svm",0.9090909090909091,0.7924528301886792,0.9642857142857143,91,7,6
"pos",1,0.8,1,0.8571428571428571,0.888888888888889,"svm",0.9090909090909091,0.8135593220338982,0.9821428571428572,93,8,7
"pos",1,0.8,1,0.8571428571428571,0.888888888888889,"svm",0.9090909090909091,0.8135593220338982,0.9821428571428572,95,9,8
"pos",1,0.8,1,0.8571428571428571,0.888888888888889,"svm",0.9090909090909091,0.8135593220338982,0.9821428571428572,95,9,9
"pos",1,1,1,1,1,"svm",1,1,1,16,1,0
"pos",1,1,1,1,1,"svm",1,1,1,25,2,1
"pos",1,1,1,1,1,"svm",1,1,1,26,3,2
"pos",1,1,1,1,1,"svm",1,1,1,26,3,3
"pos",1,1,1,1,1,"svm",1,1,1,26,3,4
"pos",1,1,1,1,1,"svm",1,1,1,26,3,5
"pos",1,1,1,1,1,"svm",1,1,1,26,3,6
"pos",1,1,1,1,1,"svm",1,1,1,26,3,7
"pos",1,1,1,1,1,"svm",1,1,1,26,3,8
"pos",1,1,1,1,1,"svm",1,1,1,26,3,9
"pos",1,0.6666666666666666,1,0.7142857142857143,0.8,"svm",0.8181818181818182,0.6451612903225807,0.9285714285714285,6,1,0
"pos",1,0.6666666666666666,1,0.7142857142857143,0.8,"svm",0.8181818181818182,0.6451612903225807,0.8928571428571429,7,2,1
"pos",1,0.6666666666666666,1,0.7142857142857143,0.8,"svm",0.8181818181818182,0.6451612903225807,0.8928571428571429,7,2,2
"pos",1,0.6666666666666666,1,0.7142857142857143,0.8,"svm",0.8181818181818182,0.6451612903225807,0.8928571428571429,7,2,3
"pos",1,0.6666666666666666,1,0.7142857142857143,0.8,"svm",0.8181818181818182,0.6451612903225807,0.8928571428571429,7,2,4
"pos",1,0.6666666666666666,1,0.7142857142857143,0.8,"svm",0.8181818181818182,0.6451612903225807,0.8928571428571429,7,2,5
"pos",1,0.6666666666666666,1,0.7142857142857143,0.8,"svm",0.8181818181818182,0.6451612903225807,0.8928571428571429,7,2,6
"pos",1,0.6666666666666666,1,0.7142857142857143,0.8,"svm",0.8181818181818182,0.6451612903225807,0.8928571428571429,7,2,7
"pos",1,0.6666666666666666,1,0.7142857142857143,0.8,"svm",0.8181818181818182,0.6451612903225807,0.8928571428571429,7,2,8
"pos",1,0.6666666666666666,1,0.7142857142857143,0.8,"svm",0.8181818181818182,0.6451612903225807,0.8928571428571429,7,2,9
"pos",1,1,1,1,1,"svm",1,1,1,7,1,0
"pos",1,1,1,1,1,"svm",1,1,1,8,2,1
"pos",1,1,1,1,1,"svm",1,1,1,11,3,2
"pos",0.75,1,0.75,1,0.8571428571428571,"svm",0.9090909090909091,0.7924528301886792,1,12,4,3
"pos",0.75,1,0.75,1,0.8571428571428571,"svm",0.9090909090909091,0.7924528301886792,1,12,4,4
"pos",0.75,1,0.75,1,0.8571428571428571,"svm",0.9090909090909091,0.7924528301886792,1,12,4,5
"pos",0.75,1,0.75,1,0.8571428571428571,"svm",0.9090909090909091,0.7924528301886792,1,12,4,6
"pos",0.75,1,0.75,1,0.8571428571428571,"svm",0.9090909090909091,0.7924528301886792,1,12,4,7
"pos",0.75,1,0.75,1,0.8571428571428571,"svm",0.9090909090909091,0.7924528301886792,1,12,4,8
"pos",0.75,1,0.75,1,0.8571428571428571,"svm",0.9090909090909091,0.7924528301886792,1,12,4,9
"pos",0.25,1,0.25,1,0.4,"svm",0.7272727272727273,0.297872340425532,0.8035714285714286,4,1,0
"pos",0.25,1,0.25,1,0.4,"svm",0.7272727272727273,0.297872340425532,1,63,2,1
"pos",0.5,1,0.5,1,0.6666666666666666,"svm",0.8181818181818182,0.56,1,86,3,2
"pos",0.25,1,0.25,1,0.4,"svm",0.7272727272727273,0.297872340425532,1,89,4,3
"pos",0.25,1,0.25,1,0.4,"svm",0.7272727272727273,0.297872340425532,1,90,5,4
"pos",0.25,1,0.25,1,0.4,"svm",0.7272727272727273,0.297872340425532,1,90,5,5
"pos",0.25,1,0.25,1,0.4,"svm",0.7272727272727273,0.297872340425532,1,90,5,6
"pos",0.25,1,0.25,1,0.4,"svm",0.7272727272727273,0.297872340425532,1,90,5,7
"pos",0.25,1,0.25,1,0.4,"svm",0.7272727272727273,0.297872340425532,1,90,5,8
"pos",0.25,1,0.25,1,0.4,"svm",0.7272727272727273,0.297872340425532,1,90,5,9
"pos",0.75,1,0.75,1,0.8571428571428571,"svm",0.9090909090909091,0.7924528301886792,1,6,1,0
"pos",0.75,1,0.75,1,0.8571428571428571,"svm",0.9090909090909091,0.7924528301886792,1,19,2,1
"pos",0.75,1,0.75,1,0.8571428571428571,"svm",0.9090909090909091,0.7924528301886792,1,23,3,2
"pos",0.75,1,0.75,1,0.8571428571428571,"svm",0.9090909090909091,0.7924528301886792,1,24,4,3
"pos",0.75,1,0.75,1,0.8571428571428571,"svm",0.9090909090909091,0.7924528301886792,1,25,5,4
"pos",0.75,1,0.75,1,0.8571428571428571,"svm",0.9090909090909091,0.7924528301886792,1,26,6,5
"pos",0.75,1,0.75,1,0.8571428571428571,"svm",0.9090909090909091,0.7924528301886792,1,28,7,6
"pos",0.75,1,0.75,1,0.8571428571428571,"svm",0.9090909090909091,0.7924528301886792,1,28,7,7
"pos",0.75,1,0.75,1,0.8571428571428571,"svm",0.9090909090909091,0.7924528301886792,1,28,7,8
"pos",0.75,1,0.75,1,0.8571428571428571,"svm",0.9090909090909091,0.7924528301886792,1,28,7,9
"pos",1,1,1,1,1,"svm",1,1,1,15,1,0
"pos",1,1,1,1,1,"svm",1,1,1,16,2,1
"pos",1,1,1,1,1,"svm",1,1,1,20,3,2
"pos",1,1,1,1,1,"svm",1,1,1,21,4,3
"pos",1,1,1,1,1,"svm",1,1,1,22,5,4
"pos",1,1,1,1,1,"svm",1,1,1,22,5,5
"pos",1,1,1,1,1,"svm",1,1,1,22,5,6
"pos",1,1,1,1,1,"svm",1,1,1,22,5,7
"pos",1,1,1,1,1,"svm",1,1,1,22,5,8
"pos",1,1,1,1,1,"svm",1,1,1,22,5,9
"pos",0.75,0.75,0.75,0.8571428571428571,0.75,"svm",0.8181818181818182,0.6071428571428573,0.9285714285714285,27,1,0
"pos",0.75,1,0.75,1,0.8571428571428571,"svm",0.9090909090909091,0.7924528301886792,0.9642857142857143,113,2,1
"pos",0.75,0.75,0.75,0.8571428571428571,0.75,"svm",0.8181818181818182,0.6071428571428573,0.9642857142857143,174,3,2
"pos",0.75,1,0.75,1,0.8571428571428571,"svm",0.9090909090909091,0.7924528301886792,0.9642857142857143,182,4,3
"pos",0.75,1,0.75,1,0.8571428571428571,"svm",0.9090909090909091,0.7924528301886792,0.9642857142857143,195,5,4
"pos",0.75,1,0.75,1,0.8571428571428571,"svm",0.9090909090909091,0.7924528301886792,0.9642857142857143,202,6,5
"pos",0.75,1,0.75,1,0.8571428571428571,"svm",0.9090909090909091,0.7924528301886792,0.9642857142857143,203,7,6
"pos",0.75,1,0.75,1,0.8571428571428571,"svm",0.9090909090909091,0.7924528301886792,0.9642857142857143,204,8,7
"pos",0.75,1,0.75,1,0.8571428571428571,"svm",0.9090909090909091,0.7924528301886792,0.9642857142857143,205,9,8
"pos",0.75,1,0.75,1,0.8571428571428571,"svm",0.9090909090909091,0.7924528301886792,0.9642857142857143,206,10,9
"pos",0.75,1,0.75,1,0.8571428571428571,"svm",0.9090909090909091,0.7924528301886792,1,2,1,0
"pos",1,1,1,1,1,"svm",1,1,1,3,2,1
"pos",1,1,1,1,1,"svm",1,1,1,5,3,2
"pos",1,1,1,1,1,"svm",1,1,1,6,4,3
"pos",1,1,1,1,1,"svm",1,1,1,6,4,4
"pos",1,1,1,1,1,"svm",1,1,1,6,4,5
"pos",1,1,1,1,1,"svm",1,1,1,6,4,6
"pos",1,1,1,1,1,"svm",1,1,1,6,4,7
"pos",1,1,1,1,1,"svm",1,1,1,6,4,8
"pos",1,1,1,1,1,"svm",1,1,1,6,4,9
"pos",1,0.8,1,0.8571428571428571,0.888888888888889,"svm",0.9090909090909091,0.8135593220338982,0.9642857142857142,7,1,0
"pos",1,0.8,1,0.8571428571428571,0.888888888888889,"svm",0.9090909090909091,0.8135593220338982,0.9642857142857142,8,2,1
"pos",0.75,1,0.75,1,0.8571428571428571,"svm",0.9090909090909091,0.7924528301886792,0.9821428571428571,10,3,2
"pos",0.75,0.75,0.75,0.8571428571428571,0.75,"svm",0.8181818181818182,0.6071428571428573,0.9642857142857143,11,4,3
"pos",0.75,0.75,0.75,0.8571428571428571,0.75,"svm",0.8181818181818182,0.6071428571428573,0.9642857142857143,12,5,4
"pos",0.75,0.75,0.75,0.8571428571428571,0.75,"svm",0.8181818181818182,0.6071428571428573,0.9642857142857143,14,6,5
"pos",0.75,0.75,0.75,0.8571428571428571,0.75,"svm",0.8181818181818182,0.6071428571428573,0.9642857142857143,14,6,6
"pos",0.75,0.75,0.75,0.8571428571428571,0.75,"svm",0.8181818181818182,0.6071428571428573,0.9642857142857143,14,6,7
"pos",0.75,0.75,0.75,0.8571428571428571,0.75,"svm",0.8181818181818182,0.6071428571428573,0.9642857142857143,14,6,8
"pos",0.75,0.75,0.75,0.8571428571428571,0.75,"svm",0.8181818181818182,0.6071428571428573,0.9642857142857143,14,6,9
"pos",0.5,0.6666666666666666,0.5,0.8571428571428571,0.5714285714285715,"svm",0.7272727272727273,0.37735849056603776,0.8035714285714286,1,1,0
"pos",0.75,0.6,0.75,0.7142857142857143,0.6666666666666665,"svm",0.7272727272727273,0.44067796610169485,0.8928571428571429,3,2,1
"pos",0.75,0.6,0.75,0.7142857142857143,0.6666666666666665,"svm",0.7272727272727273,0.44067796610169485,0.8928571428571429,3,2,2
"pos",0.75,0.6,0.75,0.7142857142857143,0.6666666666666665,"svm",0.7272727272727273,0.44067796610169485,0.8928571428571429,3,2,3
"pos",0.75,0.6,0.75,0.7142857142857143,0.6666666666666665,"svm",0.7272727272727273,0.44067796610169485,0.8928571428571429,3,2,4
"pos",0.75,0.6,0.75,0.7142857142857143,0.6666666666666665,"svm",0.7272727272727273,0.44067796610169485,0.8928571428571429,3,2,5
"pos",0.75,0.6,0.75,0.7142857142857143,0.6666666666666665,"svm",0.7272727272727273,0.44067796610169485,0.8928571428571429,3,2,6
"pos",0.75,0.6,0.75,0.7142857142857143,0.6666666666666665,"svm",0.7272727272727273,0.44067796610169485,0.8928571428571429,3,2,7
"pos",0.75,0.6,0.75,0.7142857142857143,0.6666666666666665,"svm",0.7272727272727273,0.44067796610169485,0.8928571428571429,3,2,8
"pos",0.75,0.6,0.75,0.7142857142857143,0.6666666666666665,"svm",0.7272727272727273,0.44067796610169485,0.8928571428571429,3,2,9
"pos",1,1,1,1,1,"svm",1,1,1,11,1,0
"pos",1,1,1,1,1,"svm",1,1,1,44,2,1
"pos",1,1,1,1,1,"svm",1,1,1,47,3,2
"pos",1,1,1,1,1,"svm",1,1,1,54,4,3
"pos",1,1,1,1,1,"svm",1,1,1,55,5,4
"pos",1,1,1,1,1,"svm",1,1,1,55,5,5
"pos",1,1,1,1,1,"svm",1,1,1,55,5,6
"pos",1,1,1,1,1,"svm",1,1,1,55,5,7
"pos",1,1,1,1,1,"svm",1,1,1,55,5,8
"pos",1,1,1,1,1,"svm",1,1,1,55,5,9
"pos",1,0.8,1,0.8571428571428571,0.888888888888889,"svm",0.9090909090909091,0.8135593220338982,0.9642857142857143,10,1,0
"pos",1,0.8,1,0.8571428571428571,0.888888888888889,"svm",0.9090909090909091,0.8135593220338982,0.9642857142857143,11,2,1
"pos",1,1,1,1,1,"svm",1,1,1,13,3,2
"pos",1,1,1,1,1,"svm",1,1,1,13,3,3
"pos",1,1,1,1,1,"svm",1,1,1,13,3,4
"pos",1,1,1,1,1,"svm",1,1,1,13,3,5
"pos",1,1,1,1,1,"svm",1,1,1,13,3,6
"pos",1,1,1,1,1,"svm",1,1,1,13,3,7
"pos",1,1,1,1,1,"svm",1,1,1,13,3,8
"pos",1,1,1,1,1,"svm",1,1,1,13,3,9
"pos",1,1,1,1,1,"svm",1,1,1,33,1,0
"pos",1,1,1,1,1,"svm",1,1,1,34,2,1
"pos",0.75,1,0.75,1,0.8571428571428571,"svm",0.9090909090909091,0.7924528301886792,1,35,3,2
"pos",0.75,1,0.75,1,0.8571428571428571,"svm",0.9090909090909091,0.7924528301886792,1,35,3,3
"pos",0.75,1,0.75,1,0.8571428571428571,"svm",0.9090909090909091,0.7924528301886792,1,35,3,4
"pos",0.75,1,0.75,1,0.8571428571428571,"svm",0.9090909090909091,0.7924528301886792,1,35,3,5
"pos",0.75,1,0.75,1,0.8571428571428571,"svm",0.9090909090909091,0.7924528301886792,1,35,3,6
"pos",0.75,1,0.75,1,0.8571428571428571,"svm",0.9090909090909091,0.7924528301886792,1,35,3,7
"pos",0.75,1,0.75,1,0.8571428571428571,"svm",0.9090909090909091,0.7924528301886792,1,35,3,8
"pos",0.75,1,0.75,1,0.8571428571428571,"svm",0.9090909090909091,0.7924528301886792,1,35,3,9
"pos",1,1,1,1,1,"svm",1,1,1,17,1,0
"pos",1,1,1,1,1,"svm",1,1,1,21,2,1
"pos",1,1,1,1,1,"svm",1,1,1,62,3,2
"pos",1,1,1,1,1,"svm",1,1,1,78,4,3
"pos",1,1,1,1,1,"svm",1,1,1,79,5,4
"pos",1,1,1,1,1,"svm",1,1,1,79,5,5
"pos",1,1,1,1,1,"svm",1,1,1,79,5,6
"pos",1,1,1,1,1,"svm",1,1,1,79,5,7
"pos",1,1,1,1,1,"svm",1,1,1,79,5,8
"pos",1,1,1,1,1,"svm",1,1,1,79,5,9
"pos",0.75,1,0.75,1,0.8571428571428571,"svm",0.9090909090909091,0.7924528301886792,1,7,1,0
"pos",0.75,1,0.75,1,0.8571428571428571,"svm",0.9090909090909091,0.7924528301886792,1,8,2,1
"pos",0.75,1,0.75,1,0.8571428571428571,"svm",0.9090909090909091,0.7924528301886792,1,8,2,2
"pos",0.75,1,0.75,1,0.8571428571428571,"svm",0.9090909090909091,0.7924528301886792,1,8,2,3
"pos",0.75,1,0.75,1,0.8571428571428571,"svm",0.9090909090909091,0.7924528301886792,1,8,2,4
"pos",0.75,1,0.75,1,0.8571428571428571,"svm",0.9090909090909091,0.7924528301886792,1,8,2,5
"pos",0.75,1,0.75,1,0.8571428571428571,"svm",0.9090909090909091,0.7924528301886792,1,8,2,6
"pos",0.75,1,0.75,1,0.8571428571428571,"svm",0.9090909090909091,0.7924528301886792,1,8,2,7
"pos",0.75,1,0.75,1,0.8571428571428571,"svm",0.9090909090909091,0.7924528301886792,1,8,2,8
"pos",0.75,1,0.75,1,0.8571428571428571,"svm",0.9090909090909091,0.7924528301886792,1,8,2,9
"pos",1,1,1,1,1,"svm",1,1,1,12,1,0
"pos",1,1,1,1,1,"svm",1,1,1,19,2,1
"pos",1,1,1,1,1,"svm",1,1,1,20,3,2
"pos",1,1,1,1,1,"svm",1,1,1,20,3,3
"pos",1,1,1,1,1,"svm",1,1,1,20,3,4
"pos",1,1,1,1,1,"svm",1,1,1,20,3,5
"pos",1,1,1,1,1,"svm",1,1,1,20,3,6
"pos",1,1,1,1,1,"svm",1,1,1,20,3,7
"pos",1,1,1,1,1,"svm",1,1,1,20,3,8
"pos",1,1,1,1,1,"svm",1,1,1,20,3,9
"pos",0.75,0.75,0.75,0.8571428571428571,0.75,"svm",0.8181818181818182,0.6071428571428573,0.7678571428571428,3,1,0
"pos",1,1,1,1,1,"svm",1,1,1,4,2,1
"pos",1,1,1,1,1,"svm",1,1,1,5,3,2
"pos",1,1,1,1,1,"svm",1,1,1,5,3,3
"pos",1,1,1,1,1,"svm",1,1,1,5,3,4
"pos",1,1,1,1,1,"svm",1,1,1,5,3,5
"pos",1,1,1,1,1,"svm",1,1,1,5,3,6
"pos",1,1,1,1,1,"svm",1,1,1,5,3,7
"pos",1,1,1,1,1,"svm",1,1,1,5,3,8
"pos",1,1,1,1,1,"svm",1,1,1,5,3,9
"pos",0.75,0.75,0.75,0.8571428571428571,0.75,"svm",0.8181818181818182,0.6071428571428573,0.9642857142857143,5,1,0
"pos",0.75,0.75,0.75,0.8571428571428571,0.75,"svm",0.8181818181818182,0.6071428571428573,0.9642857142857143,13,2,1
"pos",0.75,0.75,0.75,0.8571428571428571,0.75,"svm",0.8181818181818182,0.6071428571428573,0.9642857142857143,18,3,2
"pos",0.75,0.75,0.75,0.8571428571428571,0.75,"svm",0.8181818181818182,0.6071428571428573,0.9642857142857143,18,3,3
"pos",0.75,0.75,0.75,0.8571428571428571,0.75,"svm",0.8181818181818182,0.6071428571428573,0.9642857142857143,18,3,4
"pos",0.75,0.75,0.75,0.8571428571428571,0.75,"svm",0.8181818181818182,0.6071428571428573,0.9642857142857143,18,3,5
"pos",0.75,0.75,0.75,0.8571428571428571,0.75,"svm",0.8181818181818182,0.6071428571428573,0.9642857142857143,18,3,6
"pos",0.75,0.75,0.75,0.8571428571428571,0.75,"svm",0.8181818181818182,0.6071428571428573,0.9642857142857143,18,3,7
"pos",0.75,0.75,0.75,0.8571428571428571,0.75,"svm",0.8181818181818182,0.6071428571428573,0.9642857142857143,18,3,8
"pos",0.75,0.75,0.75,0.8571428571428571,0.75,"svm",0.8181818181818182,0.6071428571428573,0.9642857142857143,18,3,9
"pos",1,0.8,1,0.8571428571428571,0.888888888888889,"svm",0.9090909090909091,0.8135593220338982,0.9285714285714285,5,1,0
"pos",1,0.6666666666666666,1,0.7142857142857143,0.8,"svm",0.8181818181818182,0.6451612903225807,0.8928571428571429,6,2,1
"pos",1,0.6666666666666666,1,0.7142857142857143,0.8,"svm",0.8181818181818182,0.6451612903225807,0.8928571428571429,7,3,2
"pos",1,0.8,1,0.8571428571428571,0.888888888888889,"svm",0.9090909090909091,0.8135593220338982,1,12,4,3
"pos",1,0.8,1,0.8571428571428571,0.888888888888889,"svm",0.9090909090909091,0.8135593220338982,1,14,5,4
"pos",1,0.6666666666666666,1,0.7142857142857143,0.8,"svm",0.8181818181818182,0.6451612903225807,1,15,6,5
"pos",1,0.6666666666666666,1,0.7142857142857143,0.8,"svm",0.8181818181818182,0.6451612903225807,1,15,6,6
"pos",1,0.6666666666666666,1,0.7142857142857143,0.8,"svm",0.8181818181818182,0.6451612903225807,1,15,6,7
"pos",1,0.6666666666666666,1,0.7142857142857143,0.8,"svm",0.8181818181818182,0.6451612903225807,1,15,6,8
"pos",1,0.6666666666666666,1,0.7142857142857143,0.8,"svm",0.8181818181818182,0.6451612903225807,1,15,6,9
"pos",0.75,1,0.75,1,0.8571428571428571,"svm",0.9090909090909091,0.7924528301886792,1,6,1,0
"pos",0.75,1,0.75,1,0.8571428571428571,"svm",0.9090909090909091,0.7924528301886792,1,8,2,1
"pos",0.75,1,0.75,1,0.8571428571428571,"svm",0.9090909090909091,0.7924528301886792,1,9,3,2
"pos",0.75,1,0.75,1,0.8571428571428571,"svm",0.9090909090909091,0.7924528301886792,1,9,3,3
"pos",0.75,1,0.75,1,0.8571428571428571,"svm",0.9090909090909091,0.7924528301886792,1,9,3,4
"pos",0.75,1,0.75,1,0.8571428571428571,"svm",0.9090909090909091,0.7924528301886792,1,9,3,5
"pos",0.75,1,0.75,1,0.8571428571428571,"svm",0.9090909090909091,0.7924528301886792,1,9,3,6
"pos",0.75,1,0.75,1,0.8571428571428571,"svm",0.9090909090909091,0.7924528301886792,1,9,3,7
"pos",0.75,1,0.75,1,0.8571428571428571,"svm",0.9090909090909091,0.7924528301886792,1,9,3,8
"pos",0.75,1,0.75,1,0.8571428571428571,"svm",0.9090909090909091,0.7924528301886792,1,9,3,9
"pos",0.75,1,0.75,1,0.8571428571428571,"svm",0.9090909090909091,0.7924528301886792,1,10,1,0
"pos",0.5,1,0.5,1,0.6666666666666666,"svm",0.8181818181818182,0.56,1,14,2,1
"pos",0.75,1,0.75,1,0.8571428571428571,"svm",0.9090909090909091,0.7924528301886792,1,39,3,2
"pos",1,1,1,1,1,"svm",1,1,1,43,4,3
"pos",1,1,1,1,1,"svm",1,1,1,46,5,4
"pos",1,1,1,1,1,"svm",1,1,1,47,6,5
"pos",1,1,1,1,1,"svm",1,1,1,48,7,6
"pos",1,1,1,1,1,"svm",1,1,1,48,7,7
"pos",1,1,1,1,1,"svm",1,1,1,48,7,8
"pos",1,1,1,1,1,"svm",1,1,1,48,7,9
"pos",0.75,1,0.75,1,0.8571428571428571,"svm",0.9090909090909091,0.7924528301886792,1,14,1,0
"pos",0.75,1,0.75,1,0.8571428571428571,"svm",0.9090909090909091,0.7924528301886792,1,20,2,1
"pos",0.75,1,0.75,1,0.8571428571428571,"svm",0.9090909090909091,0.7924528301886792,1,20,2,2
"pos",0.75,1,0.75,1,0.8571428571428571,"svm",0.9090909090909091,0.7924528301886792,1,20,2,3
"pos",0.75,1,0.75,1,0.8571428571428571,"svm",0.9090909090909091,0.7924528301886792,1,20,2,4
"pos",0.75,1,0.75,1,0.8571428571428571,"svm",0.9090909090909091,0.7924528301886792,1,20,2,5
"pos",0.75,1,0.75,1,0.8571428571428571,"svm",0.9090909090909091,0.7924528301886792,1,20,2,6
"pos",0.75,1,0.75,1,0.8571428571428571,"svm",0.9090909090909091,0.7924528301886792,1,20,2,7
"pos",0.75,1,0.75,1,0.8571428571428571,"svm",0.9090909090909091,0.7924528301886792,1,20,2,8
"pos",0.75,1,0.75,1,0.8571428571428571,"svm",0.9090909090909091,0.7924528301886792,1,20,2,9
"pos",1,1,1,1,1,"svm",1,1,1,10,1,0
"pos",1,1,1,1,1,"svm",1,1,1,12,2,1
"pos",1,1,1,1,1,"svm",1,1,1,14,3,2
"pos",0.75,1,0.75,1,0.8571428571428571,"svm",0.9090909090909091,0.7924528301886792,1,16,4,3
"pos",1,1,1,1,1,"svm",1,1,1,21,5,4
"pos",0.75,1,0.75,1,0.8571428571428571,"svm",0.9090909090909091,0.7924528301886792,1,30,6,5
"pos",0.75,1,0.75,1,0.8571428571428571,"svm",0.9090909090909091,0.7924528301886792,1,33,7,6
"pos",0.75,1,0.75,1,0.8571428571428571,"svm",0.9090909090909091,0.7924528301886792,1,35,8,7
"pos",0.75,1,0.75,1,0.8571428571428571,"svm",0.9090909090909091,0.7924528301886792,1,36,9,8
"pos",0.75,1,0.75,1,0.8571428571428571,"svm",0.9090909090909091,0.7924528301886792,1,36,9,9
"pos",1,0.8,1,0.8571428571428571,0.888888888888889,"svm",0.9090909090909091,0.8135593220338982,1,2,1,0
"pos",1,0.8,1,0.8571428571428571,0.888888888888889,"svm",0.9090909090909091,0.8135593220338982,0.9821428571428572,9,2,1
"pos",1,0.8,1,0.8571428571428571,0.888888888888889,"svm",0.9090909090909091,0.8135593220338982,0.9642857142857143,12,3,2
"pos",1,0.8,1,0.8571428571428571,0.888888888888889,"svm",0.9090909090909091,0.8135593220338982,0.9642857142857143,13,4,3
"pos",1,0.8,1,0.8571428571428571,0.888888888888889,"svm",0.9090909090909091,0.8135593220338982,0.9642857142857143,14,5,4
"pos",1,0.8,1,0.8571428571428571,0.888888888888889,"svm",0.9090909090909091,0.8135593220338982,0.9642857142857143,15,6,5
"pos",1,0.8,1,0.8571428571428571,0.888888888888889,"svm",0.9090909090909091,0.8135593220338982,0.9642857142857143,16,7,6
"pos",1,0.8,1,0.8571428571428571,0.888888888888889,"svm",0.9090909090909091,0.8135593220338982,0.9642857142857143,17,8,7
"pos",1,0.8,1,0.8571428571428571,0.888888888888889,"svm",0.9090909090909091,0.8135593220338982,0.9642857142857143,18,9,8
"pos",1,0.8,1,0.8571428571428571,0.888888888888889,"svm",0.9090909090909091,0.8135593220338982,0.9642857142857143,19,10,9
"pos",1,0.8,1,0.8571428571428571,0.888888888888889,"svm",0.9090909090909091,0.8135593220338982,1,12,1,0
"pos",1,0.8,1,0.8571428571428571,0.888888888888889,"svm",0.9090909090909091,0.8135593220338982,1,14,2,1
"pos",1,0.8,1,0.8571428571428571,0.888888888888889,"svm",0.9090909090909091,0.8135593220338982,1,18,3,2
"pos",1,1,1,1,1,"svm",1,1,1,19,4,3
"pos",1,1,1,1,1,"svm",1,1,1,19,4,4
"pos",1,1,1,1,1,"svm",1,1,1,19,4,5
"pos",1,1,1,1,1,"svm",1,1,1,19,4,6
"pos",1,1,1,1,1,"svm",1,1,1,19,4,7
"pos",1,1,1,1,1,"svm",1,1,1,19,4,8
"pos",1,1,1,1,1,"svm",1,1,1,19,4,9
"pos",0.75,1,0.75,1,0.8571428571428571,"svm",0.9090909090909091,0.7924528301886792,0.9642857142857143,40,1,0
"pos",0.75,1,0.75,1,0.8571428571428571,"svm",0.9090909090909091,0.7924528301886792,0.9642857142857143,45,2,1
"pos",0.75,0.75,0.75,0.8571428571428571,0.75,"svm",0.8181818181818182,0.6071428571428573,0.9285714285714285,47,3,2
"pos",0.5,0.6666666666666666,0.5,0.8571428571428571,0.5714285714285715,"svm",0.7272727272727273,0.37735849056603776,0.9285714285714285,49,4,3
"pos",0.5,1,0.5,1,0.6666666666666666,"svm",0.8181818181818182,0.56,0.8571428571428571,50,5,4
"pos",0.5,1,0.5,1,0.6666666666666666,"svm",0.8181818181818182,0.56,0.8571428571428572,52,6,5
"pos",0.5,1,0.5,1,0.6666666666666666,"svm",0.8181818181818182,0.56,0.8571428571428572,53,7,6
"pos",0.5,1,0.5,1,0.6666666666666666,"svm",0.8181818181818182,0.56,0.8571428571428572,54,8,7
"pos",0.5,1,0.5,1,0.6666666666666666,"svm",0.8181818181818182,0.56,0.9107142857142857,56,9,8
"pos",0.5,1,0.5,1,0.6666666666666666,"svm",0.8181818181818182,0.56,0.9107142857142857,58,10,9
"pos",0.75,1,0.75,1,0.8571428571428571,"svm",0.9090909090909091,0.7924528301886792,0.9642857142857143,3,1,0
"pos",0.75,1,0.75,1,0.8571428571428571,"svm",0.9090909090909091,0.7924528301886792,0.9285714285714285,10,2,1
"pos",0.75,1,0.75,1,0.8571428571428571,"svm",0.9090909090909091,0.7924528301886792,0.9285714285714286,11,3,2
"pos",0.75,1,0.75,1,0.8571428571428571,"svm",0.9090909090909091,0.7924528301886792,0.9285714285714286,11,3,3
"pos",0.75,1,0.75,1,0.8571428571428571,"svm",0.9090909090909091,0.7924528301886792,0.9285714285714286,11,3,4
"pos",0.75,1,0.75,1,0.8571428571428571,"svm",0.9090909090909091,0.7924528301886792,0.9285714285714286,11,3,5
"pos",0.75,1,0.75,1,0.8571428571428571,"svm",0.9090909090909091,0.7924528301886792,0.9285714285714286,11,3,6
"pos",0.75,1,0.75,1,0.8571428571428571,"svm",0.9090909090909091,0.7924528301886792,0.9285714285714286,11,3,7
"pos",0.75,1,0.75,1,0.8571428571428571,"svm",0.9090909090909091,0.7924528301886792,0.9285714285714286,11,3,8
"pos",0.75,1,0.75,1,0.8571428571428571,"svm",0.9090909090909091,0.7924528301886792,0.9285714285714286,11,3,9
"pos",1,0.8,1,0.8571428571428571,0.888888888888889,"svm",0.9090909090909091,0.8135593220338982,1,17,1,0
"pos",1,0.6666666666666666,1,0.7142857142857143,0.8,"svm",0.8181818181818182,0.6451612903225807,1,20,2,1
"pos",1,0.8,1,0.8571428571428571,0.888888888888889,"svm",0.9090909090909091,0.8135593220338982,1,21,3,2
"pos",1,0.8,1,0.8571428571428571,0.888888888888889,"svm",0.9090909090909091,0.8135593220338982,1,22,4,3
"pos",1,0.8,1,0.8571428571428571,0.888888888888889,"svm",0.9090909090909091,0.8135593220338982,1,22,4,4
"pos",1,0.8,1,0.8571428571428571,0.888888888888889,"svm",0.9090909090909091,0.8135593220338982,1,22,4,5
"pos",1,0.8,1,0.8571428571428571,0.888888888888889,"svm",0.9090909090909091,0.8135593220338982,1,22,4,6
"pos",1,0.8,1,0.8571428571428571,0.888888888888889,"svm",0.9090909090909091,0.8135593220338982,1,22,4,7
"pos",1,0.8,1,0.8571428571428571,0.888888888888889,"svm",0.9090909090909091,0.8135593220338982,1,22,4,8
"pos",1,0.8,1,0.8571428571428571,0.888888888888889,"svm",0.9090909090909091,0.8135593220338982,1,22,4,9
"pos",1,0.6666666666666666,1,0.7142857142857143,0.8,"svm",0.8181818181818182,0.6451612903225807,1,6,1,0
"pos",1,0.6666666666666666,1,0.7142857142857143,0.8,"svm",0.8181818181818182,0.6451612903225807,1,7,2,1
"pos",1,0.6666666666666666,1,0.7142857142857143,0.8,"svm",0.8181818181818182,0.6451612903225807,1,7,2,2
"pos",1,0.6666666666666666,1,0.7142857142857143,0.8,"svm",0.8181818181818182,0.6451612903225807,1,7,2,3
"pos",1,0.6666666666666666,1,0.7142857142857143,0.8,"svm",0.8181818181818182,0.6451612903225807,1,7,2,4
"pos",1,0.6666666666666666,1,0.7142857142857143,0.8,"svm",0.8181818181818182,0.6451612903225807,1,7,2,5
"pos",1,0.6666666666666666,1,0.7142857142857143,0.8,"svm",0.8181818181818182,0.6451612903225807,1,7,2,6
"pos",1,0.6666666666666666,1,0.7142857142857143,0.8,"svm",0.8181818181818182,0.6451612903225807,1,7,2,7
"pos",1,0.6666666666666666,1,0.7142857142857143,0.8,"svm",0.8181818181818182,0.6451612903225807,1,7,2,8
"pos",1,0.6666666666666666,1,0.7142857142857143,0.8,"svm",0.8181818181818182,0.6451612903225807,1,7,2,9
"pos",1,1,1,1,1,"svm",1,1,1,13,1,0
"pos",1,1,1,1,1,"svm",1,1,1,17,2,1
"pos",1,1,1,1,1,"svm",1,1,1,18,3,2
"pos",1,1,1,1,1,"svm",1,1,1,19,4,3
"pos",1,1,1,1,1,"svm",1,1,1,20,5,4
"pos",1,1,1,1,1,"svm",1,1,1,22,6,5
"pos",1,1,1,1,1,"svm",1,1,1,23,7,6
"pos",1,1,1,1,1,"svm",1,1,1,24,8,7
"pos",1,1,1,1,1,"svm",1,1,1,24,8,8
"pos",1,1,1,1,1,"svm",1,1,1,24,8,9
"pos",0.75,1,0.75,1,0.8571428571428571,"svm",0.9090909090909091,0.7924528301886792,1,8,1,0
"pos",1,1,1,1,1,"svm",1,1,1,12,2,1
"pos",1,1,1,1,1,"svm",1,1,1,13,3,2
"pos",1,1,1,1,1,"svm",1,1,1,17,4,3
"pos",1,1,1,1,1,"svm",1,1,1,21,5,4
"pos",1,1,1,1,1,"svm",1,1,1,22,6,5
"pos",1,1,1,1,1,"svm",1,1,1,27,7,6
"pos",1,1,1,1,1,"svm",1,1,1,28,8,7
"pos",1,1,1,1,1,"svm",1,1,1,29,9,8
"pos",1,1,1,1,1,"svm",1,1,1,30,10,9
"pos",1,0.8,1,0.8571428571428571,0.888888888888889,"svm",0.9090909090909091,0.8135593220338982,1,13,1,0
"pos",1,0.8,1,0.8571428571428571,0.888888888888889,"svm",0.9090909090909091,0.8135593220338982,1,14,2,1
"pos",1,0.8,1,0.8571428571428571,0.888888888888889,"svm",0.9090909090909091,0.8135593220338982,1,14,2,2
"pos",1,0.8,1,0.8571428571428571,0.888888888888889,"svm",0.9090909090909091,0.8135593220338982,1,14,2,3
"pos",1,0.8,1,0.8571428571428571,0.888888888888889,"svm",0.9090909090909091,0.8135593220338982,1,14,2,4
"pos",1,0.8,1,0.8571428571428571,0.888888888888889,"svm",0.9090909090909091,0.8135593220338982,1,14,2,5
"pos",1,0.8,1,0.8571428571428571,0.888888888888889,"svm",0.9090909090909091,0.8135593220338982,1,14,2,6
"pos",1,0.8,1,0.8571428571428571,0.888888888888889,"svm",0.9090909090909091,0.8135593220338982,1,14,2,7
"pos",1,0.8,1,0.8571428571428571,0.888888888888889,"svm",0.9090909090909091,0.8135593220338982,1,14,2,8
"pos",1,0.8,1,0.8571428571428571,0.888888888888889,"svm",0.9090909090909091,0.8135593220338982,1,14,2,9
"pos",0.75,1,0.75,1,0.8571428571428571,"svm",0.9090909090909091,0.7924528301886792,1,2,1,0
"pos",1,1,1,1,1,"svm",1,1,1,4,2,1
"pos",0.75,1,0.75,1,0.8571428571428571,"svm",0.9090909090909091,0.7924528301886792,1,6,3,2
"pos",0.75,1,0.75,1,0.8571428571428571,"svm",0.9090909090909091,0.7924528301886792,1,8,4,3
"pos",1,1,1,1,1,"svm",1,1,1,10,5,4
"pos",1,1,1,1,1,"svm",1,1,1,10,5,5
"pos",1,1,1,1,1,"svm",1,1,1,10,5,6
"pos",1,1,1,1,1,"svm",1,1,1,10,5,7
"pos",1,1,1,1,1,"svm",1,1,1,10,5,8
"pos",1,1,1,1,1,"svm",1,1,1,10,5,9
"pos",0.75,0.75,0.75,0.8571428571428571,0.75,"svm",0.8181818181818182,0.6071428571428573,0.9285714285714285,9,1,0
"pos",0.75,0.75,0.75,0.8571428571428571,0.75,"svm",0.8181818181818182,0.6071428571428573,0.8928571428571429,16,2,1
"pos",0.75,0.75,0.75,0.8571428571428571,0.75,"svm",0.8181818181818182,0.6071428571428573,0.8928571428571429,17,3,2
"pos",0.75,0.75,0.75,0.8571428571428571,0.75,"svm",0.8181818181818182,0.6071428571428573,0.9464285714285714,19,4,3
"pos",0.75,0.75,0.75,0.8571428571428571,0.75,"svm",0.8181818181818182,0.6071428571428573,0.9464285714285714,21,5,4
"pos",0.75,0.75,0.75,0.8571428571428571,0.75,"svm",0.8181818181818182,0.6071428571428573,0.9464285714285714,22,6,5
"pos",0.75,0.75,0.75,0.8571428571428571,0.75,"svm",0.8181818181818182,0.6071428571428573,0.9107142857142857,23,7,6
"pos",0.75,0.75,0.75,0.8571428571428571,0.75,"svm",0.8181818181818182,0.6071428571428573,0.9107142857142857,23,7,7
"pos",0.75,0.75,0.75,0.8571428571428571,0.75,"svm",0.8181818181818182,0.6071428571428573,0.9107142857142857,23,7,8
"pos",0.75,0.75,0.75,0.8571428571428571,0.75,"svm",0.8181818181818182,0.6071428571428573,0.9107142857142857,23,7,9
"pos",1,0.8,1,0.8571428571428571,0.888888888888889,"svm",0.9090909090909091,0.8135593220338982,1,9,1,0
"pos",1,0.8,1,0.8571428571428571,0.888888888888889,"svm",0.9090909090909091,0.8135593220338982,1,10,2,1
"pos",1,0.8,1,0.8571428571428571,0.888888888888889,"svm",0.9090909090909091,0.8135593220338982,1,10,2,2
"pos",1,0.8,1,0.8571428571428571,0.888888888888889,"svm",0.9090909090909091,0.8135593220338982,1,10,2,3
"pos",1,0.8,1,0.8571428571428571,0.888888888888889,"svm",0.9090909090909091,0.8135593220338982,1,10,2,4
"pos",1,0.8,1,0.8571428571428571,0.888888888888889,"svm",0.9090909090909091,0.8135593220338982,1,10,2,5
"pos",1,0.8,1,0.8571428571428571,0.888888888888889,"svm",0.9090909090909091,0.8135593220338982,1,10,2,6
"pos",1,0.8,1,0.8571428571428571,0.888888888888889,"svm",0.9090909090909091,0.8135593220338982,1,10,2,7
"pos",1,0.8,1,0.8571428571428571,0.888888888888889,"svm",0.9090909090909091,0.8135593220338982,1,10,2,8
"pos",1,0.8,1,0.8571428571428571,0.888888888888889,"svm",0.9090909090909091,0.8135593220338982,1,10,2,9
"pos",0.75,1,0.75,1,0.8571428571428571,"svm",0.9090909090909091,0.7924528301886792,1,11,1,0
"pos",0.75,1,0.75,1,0.8571428571428571,"svm",0.9090909090909091,0.7924528301886792,1,13,2,1
"pos",0.5,1,0.5,1,0.6666666666666666,"svm",0.8181818181818182,0.56,1,14,3,2
"pos",0.5,1,0.5,1,0.6666666666666666,"svm",0.8181818181818182,0.56,1,15,4,3
"pos",0.75,1,0.75,1,0.8571428571428571,"svm",0.9090909090909091,0.7924528301886792,1,16,5,4
"pos",0.5,1,0.5,1,0.6666666666666666,"svm",0.8181818181818182,0.56,1,20,6,5
"pos",0.5,1,0.5,1,0.6666666666666666,"svm",0.8181818181818182,0.56,1,20,6,6
"pos",0.5,1,0.5,1,0.6666666666666666,"svm",0.8181818181818182,0.56,1,20,6,7
"pos",0.5,1,0.5,1,0.6666666666666666,"svm",0.8181818181818182,0.56,1,20,6,8
"pos",0.5,1,0.5,1,0.6666666666666666,"svm",0.8181818181818182,0.56,1,20,6,9
"pos",1,0.8,1,0.8571428571428571,0.888888888888889,"svm",0.9090909090909091,0.8135593220338982,0.9642857142857143,2,1,0
"pos",0.75,0.75,0.75,0.8571428571428571,0.75,"svm",0.8181818181818182,0.6071428571428573,0.9285714285714285,3,2,1
"pos",0.75,0.75,0.75,0.8571428571428571,0.75,"svm",0.8181818181818182,0.6071428571428573,0.9285714285714285,3,2,2
"pos",0.75,0.75,0.75,0.8571428571428571,0.75,"svm",0.8181818181818182,0.6071428571428573,0.9285714285714285,3,2,3
"pos",0.75,0.75,0.75,0.8571428571428571,0.75,"svm",0.8181818181818182,0.6071428571428573,0.9285714285714285,3,2,4
"pos",0.75,0.75,0.75,0.8571428571428571,0.75,"svm",0.8181818181818182,0.6071428571428573,0.9285714285714285,3,2,5
"pos",0.75,0.75,0.75,0.8571428571428571,0.75,"svm",0.8181818181818182,0.6071428571428573,0.9285714285714285,3,2,6
"pos",0.75,0.75,0.75,0.8571428571428571,0.75,"svm",0.8181818181818182,0.6071428571428573,0.9285714285714285,3,2,7
"pos",0.75,0.75,0.75,0.8571428571428571,0.75,"svm",0.8181818181818182,0.6071428571428573,0.9285714285714285,3,2,8
"pos",0.75,0.75,0.75,0.8571428571428571,0.75,"svm",0.8181818181818182,0.6071428571428573,0.9285714285714285,3,2,9
"pos",1,0.8,1,0.8571428571428571,0.888888888888889,"svm",0.9090909090909091,0.8135593220338982,0.8928571428571429,3,1,0
"pos",1,0.8,1,0.8571428571428571,0.888888888888889,"svm",0.9090909090909091,0.8135593220338982,0.8928571428571429,4,2,1
"pos",1,0.8,1,0.8571428571428571,0.888888888888889,"svm",0.9090909090909091,0.8135593220338982,0.8928571428571429,4,2,2
"pos",1,0.8,1,0.8571428571428571,0.888888888888889,"svm",0.9090909090909091,0.8135593220338982,0.8928571428571429,4,2,3
"pos",1,0.8,1,0.8571428571428571,0.888888888888889,"svm",0.9090909090909091,0.8135593220338982,0.8928571428571429,4,2,4
"pos",1,0.8,1,0.8571428571428571,0.888888888888889,"svm",0.9090909090909091,0.8135593220338982,0.8928571428571429,4,2,5
"pos",1,0.8,1,0.8571428571428571,0.888888888888889,"svm",0.9090909090909091,0.8135593220338982,0.8928571428571429,4,2,6
"pos",1,0.8,1,0.8571428571428571,0.888888888888889,"svm",0.9090909090909091,0.8135593220338982,0.8928571428571429,4,2,7
"pos",1,0.8,1,0.8571428571428571,0.888888888888889,"svm",0.9090909090909091,0.8135593220338982,0.8928571428571429,4,2,8
"pos",1,0.8,1,0.8571428571428571,0.888888888888889,"svm",0.9090909090909091,0.8135593220338982,0.8928571428571429,4,2,9
"pos",0.75,0.6,0.75,0.7142857142857143,0.6666666666666665,"svm",0.7272727272727273,0.44067796610169485,0.8214285714285714,8,1,0
"pos",1,0.8,1,0.8571428571428571,0.888888888888889,"svm",0.9090909090909091,0.8135593220338982,1,100,2,1
"pos",1,0.8,1,0.8571428571428571,0.888888888888889,"svm",0.9090909090909091,0.8135593220338982,1,101,3,2
"pos",1,0.8,1,0.8571428571428571,0.888888888888889,"svm",0.9090909090909091,0.8135593220338982,0.9642857142857143,102,4,3
"pos",1,0.8,1,0.8571428571428571,0.888888888888889,"svm",0.9090909090909091,0.8135593220338982,0.9642857142857143,105,5,4
"pos",1,0.8,1,0.8571428571428571,0.888888888888889,"svm",0.9090909090909091,0.8135593220338982,0.9642857142857143,106,6,5
"pos",1,0.8,1,0.8571428571428571,0.888888888888889,"svm",0.9090909090909091,0.8135593220338982,0.9642857142857143,107,7,6
"pos",1,0.8,1,0.8571428571428571,0.888888888888889,"svm",0.9090909090909091,0.8135593220338982,0.9642857142857143,109,8,7
"pos",1,0.8,1,0.8571428571428571,0.888888888888889,"svm",0.9090909090909091,0.8135593220338982,1,111,9,8
"pos",1,0.8,1,0.8571428571428571,0.888888888888889,"svm",0.9090909090909091,0.8135593220338982,1,111,9,9
"pos",0.5,1,0.5,1,0.6666666666666666,"svm",0.8181818181818182,0.56,0.9821428571428572,3,1,0
"pos",1,1,1,1,1,"svm",1,1,1,19,2,1
"pos",1,1,1,1,1,"svm",1,1,1,20,3,2
"pos",1,1,1,1,1,"svm",1,1,1,21,4,3
"pos",1,1,1,1,1,"svm",1,1,1,24,5,4
"pos",1,1,1,1,1,"svm",1,1,1,25,6,5
"pos",1,1,1,1,1,"svm",1,1,1,26,7,6
"pos",1,1,1,1,1,"svm",1,1,1,27,8,7
"pos",1,1,1,1,1,"svm",1,1,1,27,8,8
"pos",1,1,1,1,1,"svm",1,1,1,27,8,9
"pos",1,1,1,1,1,"svm",1,1,1,12,1,0
"pos",0.75,1,0.75,1,0.8571428571428571,"svm",0.9090909090909091,0.7924528301886792,1,20,2,1
"pos",1,1,1,1,1,"svm",1,1,1,21,3,2
"pos",1,1,1,1,1,"svm",1,1,1,22,4,3
"pos",1,1,1,1,1,"svm",1,1,1,23,5,4
"pos",1,1,1,1,1,"svm",1,1,1,24,6,5
"pos",1,1,1,1,1,"svm",1,1,1,25,7,6
"pos",1,1,1,1,1,"svm",1,1,1,26,8,7
"pos",1,1,1,1,1,"svm",1,1,1,27,9,8
"pos",1,1,1,1,1,"svm",1,1,1,28,10,9
"pos",1,0.8,1,0.8571428571428571,0.888888888888889,"svm",0.9090909090909091,0.8135593220338982,0.9642857142857143,7,1,0
"pos",1,0.8,1,0.8571428571428571,0.888888888888889,"svm",0.9090909090909091,0.8135593220338982,0.9642857142857143,13,2,1
"pos",0.75,0.75,0.75,0.8571428571428571,0.75,"svm",0.8181818181818182,0.6071428571428573,0.9642857142857143,14,3,2
"pos",0.75,0.75,0.75,0.8571428571428571,0.75,"svm",0.8181818181818182,0.6071428571428573,0.9642857142857143,14,3,3
"pos",0.75,0.75,0.75,0.8571428571428571,0.75,"svm",0.8181818181818182,0.6071428571428573,0.9642857142857143,14,3,4
"pos",0.75,0.75,0.75,0.8571428571428571,0.75,"svm",0.8181818181818182,0.6071428571428573,0.9642857142857143,14,3,5
"pos",0.75,0.75,0.75,0.8571428571428571,0.75,"svm",0.8181818181818182,0.6071428571428573,0.9642857142857143,14,3,6
"pos",0.75,0.75,0.75,0.8571428571428571,0.75,"svm",0.8181818181818182,0.6071428571428573,0.9642857142857143,14,3,7
"pos",0.75,0.75,0.75,0.8571428571428571,0.75,"svm",0.8181818181818182,0.6071428571428573,0.9642857142857143,14,3,8
"pos",0.75,0.75,0.75,0.8571428571428571,0.75,"svm",0.8181818181818182,0.6071428571428573,0.9642857142857143,14,3,9
"pos",1,0.8,1,0.8571428571428571,0.888888888888889,"svm",0.9090909090909091,0.8135593220338982,1,9,1,0
"pos",1,1,1,1,1,"svm",1,1,1,11,2,1
"pos",1,1,1,1,1,"svm",1,1,1,11,2,2
"pos",1,1,1,1,1,"svm",1,1,1,11,2,3
"pos",1,1,1,1,1,"svm",1,1,1,11,2,4
"pos",1,1,1,1,1,"svm",1,1,1,11,2,5
"pos",1,1,1,1,1,"svm",1,1,1,11,2,6
"pos",1,1,1,1,1,"svm",1,1,1,11,2,7
"pos",1,1,1,1,1,"svm",1,1,1,11,2,8
"pos",1,1,1,1,1,"svm",1,1,1,11,2,9
"pos",0.5,0.6666666666666666,0.5,0.8571428571428571,0.5714285714285715,"svm",0.7272727272727273,0.37735849056603776,0.9285714285714285,140,1,0
"pos",0.75,1,0.75,1,0.8571428571428571,"svm",0.9090909090909091,0.7924528301886792,1,155,2,1
"pos",0.75,1,0.75,1,0.8571428571428571,"svm",0.9090909090909091,0.7924528301886792,1,182,3,2
"pos",1,1,1,1,1,"svm",1,1,1,190,4,3
"pos",1,1,1,1,1,"svm",1,1,1,191,5,4
"pos",1,1,1,1,1,"svm",1,1,1,191,5,5
"pos",1,1,1,1,1,"svm",1,1,1,191,5,6
"pos",1,1,1,1,1,"svm",1,1,1,191,5,7
"pos",1,1,1,1,1,"svm",1,1,1,191,5,8
"pos",1,1,1,1,1,"svm",1,1,1,191,5,9
"pos",0.75,1,0.75,1,0.8571428571428571,"svm",0.9090909090909091,0.7924528301886792,1,9,1,0
"pos",0.75,1,0.75,1,0.8571428571428571,"svm",0.9090909090909091,0.7924528301886792,1,10,2,1
"pos",0.75,1,0.75,1,0.8571428571428571,"svm",0.9090909090909091,0.7924528301886792,1,12,3,2
"pos",0.75,1,0.75,1,0.8571428571428571,"svm",0.9090909090909091,0.7924528301886792,1,13,4,3
"pos",0.75,1,0.75,1,0.8571428571428571,"svm",0.9090909090909091,0.7924528301886792,1,16,5,4
"pos",0.75,1,0.75,1,0.8571428571428571,"svm",0.9090909090909091,0.7924528301886792,1,18,6,5
"pos",0.75,1,0.75,1,0.8571428571428571,"svm",0.9090909090909091,0.7924528301886792,1,19,7,6
"pos",0.75,1,0.75,1,0.8571428571428571,"svm",0.9090909090909091,0.7924528301886792,1,20,8,7
"pos",0.75,1,0.75,1,0.8571428571428571,"svm",0.9090909090909091,0.7924528301886792,1,21,9,8
"pos",0.75,1,0.75,1,0.8571428571428571,"svm",0.9090909090909091,0.7924528301886792,1,21,9,9
"pos",1,0.8,1,0.8571428571428571,0.888888888888889,"svm",0.9090909090909091,0.8135593220338982,1,18,1,0
"pos",1,0.8,1,0.8571428571428571,0.888888888888889,"svm",0.9090909090909091,0.8135593220338982,1,23,2,1
"pos",1,0.8,1,0.8571428571428571,0.888888888888889,"svm",0.9090909090909091,0.8135593220338982,1,32,3,2
"pos",1,0.8,1,0.8571428571428571,0.888888888888889,"svm",0.9090909090909091,0.8135593220338982,1,35,4,3
"pos",1,0.8,1,0.8571428571428571,0.888888888888889,"svm",0.9090909090909091,0.8135593220338982,1,36,5,4
"pos",1,0.8,1,0.8571428571428571,0.888888888888889,"svm",0.9090909090909091,0.8135593220338982,1,37,6,5
"pos",1,0.8,1,0.8571428571428571,0.888888888888889,"svm",0.9090909090909091,0.8135593220338982,1,38,7,6
"pos",1,0.8,1,0.8571428571428571,0.888888888888889,"svm",0.9090909090909091,0.8135593220338982,1,39,8,7
"pos",1,0.8,1,0.8571428571428571,0.888888888888889,"svm",0.9090909090909091,0.8135593220338982,1,39,8,8
"pos",1,0.8,1,0.8571428571428571,0.888888888888889,"svm",0.9090909090909091,0.8135593220338982,1,39,8,9
"pos",0.5,0.6666666666666666,0.5,0.8571428571428571,0.5714285714285715,"svm",0.7272727272727273,0.37735849056603776,0.8035714285714286,2,1,0
"pos",0.5,0.6666666666666666,0.5,0.8571428571428571,0.5714285714285715,"svm",0.7272727272727273,0.37735849056603776,0.8035714285714286,2,1,1
"pos",0.5,0.6666666666666666,0.5,0.8571428571428571,0.5714285714285715,"svm",0.7272727272727273,0.37735849056603776,0.8035714285714286,2,1,2
"pos",0.5,0.6666666666666666,0.5,0.8571428571428571,0.5714285714285715,"svm",0.7272727272727273,0.37735849056603776,0.8035714285714286,2,1,3
"pos",0.5,0.6666666666666666,0.5,0.8571428571428571,0.5714285714285715,"svm",0.7272727272727273,0.37735849056603776,0.8035714285714286,2,1,4
"pos",0.5,0.6666666666666666,0.5,0.8571428571428571,0.5714285714285715,"svm",0.7272727272727273,0.37735849056603776,0.8035714285714286,2,1,5
"pos",0.5,0.6666666666666666,0.5,0.8571428571428571,0.5714285714285715,"svm",0.7272727272727273,0.37735849056603776,0.8035714285714286,2,1,6
"pos",0.5,0.6666666666666666,0.5,0.8571428571428571,0.5714285714285715,"svm",0.7272727272727273,0.37735849056603776,0.8035714285714286,2,1,7
"pos",0.5,0.6666666666666666,0.5,0.8571428571428571,0.5714285714285715,"svm",0.7272727272727273,0.37735849056603776,0.8035714285714286,2,1,8
"pos",0.5,0.6666666666666666,0.5,0.8571428571428571,0.5714285714285715,"svm",0.7272727272727273,0.37735849056603776,0.8035714285714286,2,1,9
"pos",0.5,0.4,0.5,0.5714285714285714,0.4444444444444445,"svm",0.5454545454545454,0.0677966101694913,0.6428571428571428,4,1,0
"pos",0.5,0.6666666666666666,0.5,0.8571428571428571,0.5714285714285715,"svm",0.7272727272727273,0.37735849056603776,0.6428571428571429,5,2,1
"pos",0.5,0.6666666666666666,0.5,0.8571428571428571,0.5714285714285715,"svm",0.7272727272727273,0.37735849056603776,0.7321428571428572,19,3,2
"pos",0.5,0.6666666666666666,0.5,0.8571428571428571,0.5714285714285715,"svm",0.7272727272727273,0.37735849056603776,0.7678571428571429,24,4,3
"pos",0.5,0.6666666666666666,0.5,0.8571428571428571,0.5714285714285715,"svm",0.7272727272727273,0.37735849056603776,0.7678571428571429,25,5,4
"pos",0.5,0.6666666666666666,0.5,0.8571428571428571,0.5714285714285715,"svm",0.7272727272727273,0.37735849056603776,0.7857142857142857,36,6,5
"pos",0.5,0.6666666666666666,0.5,0.8571428571428571,0.5714285714285715,"svm",0.7272727272727273,0.37735849056603776,0.7857142857142857,38,7,6
"pos",0.5,0.6666666666666666,0.5,0.8571428571428571,0.5714285714285715,"svm",0.7272727272727273,0.37735849056603776,0.7857142857142857,39,8,7
"pos",0.5,0.6666666666666666,0.5,0.8571428571428571,0.5714285714285715,"svm",0.7272727272727273,0.37735849056603776,0.7500000000000001,41,9,8
"pos",0.5,0.6666666666666666,0.5,0.8571428571428571,0.5714285714285715,"svm",0.7272727272727273,0.37735849056603776,0.7857142857142858,42,10,9
"pos",0.75,1,0.75,1,0.8571428571428571,"svm",0.9090909090909091,0.7924528301886792,0.9285714285714285,4,1,0
"pos",1,1,1,1,1,"svm",1,1,1,21,2,1
"pos",1,1,1,1,1,"svm",1,1,1,25,3,2
"pos",1,1,1,1,1,"svm",1,1,1,31,4,3
"pos",1,1,1,1,1,"svm",1,1,1,31,4,4
"pos",1,1,1,1,1,"svm",1,1,1,31,4,5
"pos",1,1,1,1,1,"svm",1,1,1,31,4,6
"pos",1,1,1,1,1,"svm",1,1,1,31,4,7
"pos",1,1,1,1,1,"svm",1,1,1,31,4,8
"pos",1,1,1,1,1,"svm",1,1,1,31,4,9
"pos",1,1,1,1,1,"svm",1,1,1,7,1,0
"pos",1,1,1,1,1,"svm",1,1,1,8,2,1
"pos",1,1,1,1,1,"svm",1,1,1,8,2,2
"pos",1,1,1,1,1,"svm",1,1,1,8,2,3
"pos",1,1,1,1,1,"svm",1,1,1,8,2,4
"pos",1,1,1,1,1,"svm",1,1,1,8,2,5
"pos",1,1,1,1,1,"svm",1,1,1,8,2,6
"pos",1,1,1,1,1,"svm",1,1,1,8,2,7
"pos",1,1,1,1,1,"svm",1,1,1,8,2,8
"pos",1,1,1,1,1,"svm",1,1,1,8,2,9
"pos",1,1,1,1,1,"svm",1,1,1,6,1,0
"pos",1,1,1,1,1,"svm",1,1,1,14,2,1
"pos",1,1,1,1,1,"svm",1,1,1,16,3,2
"pos",1,1,1,1,1,"svm",1,1,1,17,4,3
"pos",1,1,1,1,1,"svm",1,1,1,17,4,4
"pos",1,1,1,1,1,"svm",1,1,1,17,4,5
"pos",1,1,1,1,1,"svm",1,1,1,17,4,6
"pos",1,1,1,1,1,"svm",1,1,1,17,4,7
"pos",1,1,1,1,1,"svm",1,1,1,17,4,8
"pos",1,1,1,1,1,"svm",1,1,1,17,4,9
"pos",0.75,0.6,0.75,0.7142857142857143,0.6666666666666665,"svm",0.7272727272727273,0.44067796610169485,0.9285714285714286,3,1,0
"pos",0.75,0.6,0.75,0.7142857142857143,0.6666666666666665,"svm",0.7272727272727273,0.44067796610169485,0.9285714285714286,3,1,1
"pos",0.75,0.6,0.75,0.7142857142857143,0.6666666666666665,"svm",0.7272727272727273,0.44067796610169485,0.9285714285714286,3,1,2
"pos",0.75,0.6,0.75,0.7142857142857143,0.6666666666666665,"svm",0.7272727272727273,0.44067796610169485,0.9285714285714286,3,1,3
"pos",0.75,0.6,0.75,0.7142857142857143,0.6666666666666665,"svm",0.7272727272727273,0.44067796610169485,0.9285714285714286,3,1,4
"pos",0.75,0.6,0.75,0.7142857142857143,0.6666666666666665,"svm",0.7272727272727273,0.44067796610169485,0.9285714285714286,3,1,5
"pos",0.75,0.6,0.75,0.7142857142857143,0.6666666666666665,"svm",0.7272727272727273,0.44067796610169485,0.9285714285714286,3,1,6
"pos",0.75,0.6,0.75,0.7142857142857143,0.6666666666666665,"svm",0.7272727272727273,0.44067796610169485,0.9285714285714286,3,1,7
"pos",0.75,0.6,0.75,0.7142857142857143,0.6666666666666665,"svm",0.7272727272727273,0.44067796610169485,0.9285714285714286,3,1,8
"pos",0.75,0.6,0.75,0.7142857142857143,0.6666666666666665,"svm",0.7272727272727273,0.44067796610169485,0.9285714285714286,3,1,9
"pos",0.75,1,0.75,1,0.8571428571428571,"svm",0.9090909090909091,0.7924528301886792,1,12,1,0
"pos",0.75,1,0.75,1,0.8571428571428571,"svm",0.9090909090909091,0.7924528301886792,0.9642857142857143,28,2,1
"pos",0.75,1,0.75,1,0.8571428571428571,"svm",0.9090909090909091,0.7924528301886792,0.9642857142857143,29,3,2
"pos",0.75,1,0.75,1,0.8571428571428571,"svm",0.9090909090909091,0.7924528301886792,0.9642857142857143,31,4,3
"pos",0.75,1,0.75,1,0.8571428571428571,"svm",0.9090909090909091,0.7924528301886792,0.9642857142857143,32,5,4
"pos",0.75,1,0.75,1,0.8571428571428571,"svm",0.9090909090909091,0.7924528301886792,0.9642857142857143,32,5,5
"pos",0.75,1,0.75,1,0.8571428571428571,"svm",0.9090909090909091,0.7924528301886792,0.9642857142857143,32,5,6
"pos",0.75,1,0.75,1,0.8571428571428571,"svm",0.9090909090909091,0.7924528301886792,0.9642857142857143,32,5,7
"pos",0.75,1,0.75,1,0.8571428571428571,"svm",0.9090909090909091,0.7924528301886792,0.9642857142857143,32,5,8
"pos",0.75,1,0.75,1,0.8571428571428571,"svm",0.9090909090909091,0.7924528301886792,0.9642857142857143,32,5,9
"pos",1,0.8,1,0.8571428571428571,0.888888888888889,"svm",0.9090909090909091,0.8135593220338982,0.9285714285714285,15,1,0
"pos",1,0.8,1,0.8571428571428571,0.888888888888889,"svm",0.9090909090909091,0.8135593220338982,0.9285714285714285,16,2,1
"pos",1,0.8,1,0.8571428571428571,0.888888888888889,"svm",0.9090909090909091,0.8135593220338982,0.9285714285714285,17,3,2
"pos",0.75,0.75,0.75,0.8571428571428571,0.75,"svm",0.8181818181818182,0.6071428571428573,0.9285714285714285,18,4,3
"pos",0.75,0.75,0.75,0.8571428571428571,0.75,"svm",0.8181818181818182,0.6071428571428573,0.9642857142857143,20,5,4
"pos",0.75,0.75,0.75,0.8571428571428571,0.75,"svm",0.8181818181818182,0.6071428571428573,0.9642857142857143,20,5,5
"pos",0.75,0.75,0.75,0.8571428571428571,0.75,"svm",0.8181818181818182,0.6071428571428573,0.9642857142857143,20,5,6
"pos",0.75,0.75,0.75,0.8571428571428571,0.75,"svm",0.8181818181818182,0.6071428571428573,0.9642857142857143,20,5,7
"pos",0.75,0.75,0.75,0.8571428571428571,0.75,"svm",0.8181818181818182,0.6071428571428573,0.9642857142857143,20,5,8
"pos",0.75,0.75,0.75,0.8571428571428571,0.75,"svm",0.8181818181818182,0.6071428571428573,0.9642857142857143,20,5,9
"pos",0.5,1,0.5,1,0.6666666666666666,"svm",0.8181818181818182,0.56,0.75,2,1,0
"pos",1,1,1,1,1,"svm",1,1,1,6,2,1
"pos",1,1,1,1,1,"svm",1,1,1,8,3,2
"pos",1,1,1,1,1,"svm",1,1,1,10,4,3
"pos",1,1,1,1,1,"svm",1,1,1,10,4,4
"pos",1,1,1,1,1,"svm",1,1,1,10,4,5
"pos",1,1,1,1,1,"svm",1,1,1,10,4,6
"pos",1,1,1,1,1,"svm",1,1,1,10,4,7
"pos",1,1,1,1,1,"svm",1,1,1,10,4,8
"pos",1,1,1,1,1,"svm",1,1,1,10,4,9
"pos",1,0.8,1,0.8571428571428571,0.888888888888889,"svm",0.9090909090909091,0.8135593220338982,1,24,1,0
"pos",1,0.8,1,0.8571428571428571,0.888888888888889,"svm",0.9090909090909091,0.8135593220338982,1,28,2,1
"pos",1,0.8,1,0.8571428571428571,0.888888888888889,"svm",0.9090909090909091,0.8135593220338982,1,29,3,2
"pos",1,0.8,1,0.8571428571428571,0.888888888888889,"svm",0.9090909090909091,0.8135593220338982,1,30,4,3
"pos",1,0.8,1,0.8571428571428571,0.888888888888889,"svm",0.9090909090909091,0.8135593220338982,1,31,5,4
"pos",1,0.8,1,0.8571428571428571,0.888888888888889,"svm",0.9090909090909091,0.8135593220338982,1,32,6,5
"pos",1,0.8,1,0.8571428571428571,0.888888888888889,"svm",0.9090909090909091,0.8135593220338982,1,32,6,6
"pos",1,0.8,1,0.8571428571428571,0.888888888888889,"svm",0.9090909090909091,0.8135593220338982,1,32,6,7
"pos",1,0.8,1,0.8571428571428571,0.888888888888889,"svm",0.9090909090909091,0.8135593220338982,1,32,6,8
"pos",1,0.8,1,0.8571428571428571,0.888888888888889,"svm",0.9090909090909091,0.8135593220338982,1,32,6,9
"pos",1,1,1,1,1,"svm",1,1,1,2,1,0
"pos",1,1,1,1,1,"svm",1,1,1,4,2,1
"pos",1,1,1,1,1,"svm",1,1,1,4,2,2
"pos",1,1,1,1,1,"svm",1,1,1,4,2,3
"pos",1,1,1,1,1,"svm",1,1,1,4,2,4
"pos",1,1,1,1,1,"svm",1,1,1,4,2,5
"pos",1,1,1,1,1,"svm",1,1,1,4,2,6
"pos",1,1,1,1,1,"svm",1,1,1,4,2,7
"pos",1,1,1,1,1,"svm",1,1,1,4,2,8
"pos",1,1,1,1,1,"svm",1,1,1,4,2,9
"pos",0.75,1,0.75,1,0.8571428571428571,"svm",0.9090909090909091,0.7924528301886792,1,33,1,0
"pos",1,0.8,1,0.8571428571428571,0.888888888888889,"svm",0.9090909090909091,0.8135593220338982,1,44,2,1
"pos",1,0.8,1,0.8571428571428571,0.888888888888889,"svm",0.9090909090909091,0.8135593220338982,1,44,2,2
"pos",1,0.8,1,0.8571428571428571,0.888888888888889,"svm",0.9090909090909091,0.8135593220338982,1,44,2,3
"pos",1,0.8,1,0.8571428571428571,0.888888888888889,"svm",0.9090909090909091,0.8135593220338982,1,44,2,4
"pos",1,0.8,1,0.8571428571428571,0.888888888888889,"svm",0.9090909090909091,0.8135593220338982,1,44,2,5
"pos",1,0.8,1,0.8571428571428571,0.888888888888889,"svm",0.9090909090909091,0.8135593220338982,1,44,2,6
"pos",1,0.8,1,0.8571428571428571,0.888888888888889,"svm",0.9090909090909091,0.8135593220338982,1,44,2,7
"pos",1,0.8,1,0.8571428571428571,0.888888888888889,"svm",0.9090909090909091,0.8135593220338982,1,44,2,8
"pos",1,0.8,1,0.8571428571428571,0.888888888888889,"svm",0.9090909090909091,0.8135593220338982,1,44,2,9
"pos",0.75,0.6,0.75,0.7142857142857143,0.6666666666666665,"svm",0.7272727272727273,0.44067796610169485,0.8392857142857142,1,1,0
"pos",0.75,1,0.75,1,0.8571428571428571,"svm",0.9090909090909091,0.7924528301886792,0.9642857142857143,3,2,1
"pos",0.75,1,0.75,1,0.8571428571428571,"svm",0.9090909090909091,0.7924528301886792,0.9642857142857143,4,3,2
"pos",0.75,1,0.75,1,0.8571428571428571,"svm",0.9090909090909091,0.7924528301886792,0.9642857142857143,5,4,3
"pos",0.75,1,0.75,1,0.8571428571428571,"svm",0.9090909090909091,0.7924528301886792,0.9642857142857143,5,4,4
"pos",0.75,1,0.75,1,0.8571428571428571,"svm",0.9090909090909091,0.7924528301886792,0.9642857142857143,5,4,5
"pos",0.75,1,0.75,1,0.8571428571428571,"svm",0.9090909090909091,0.7924528301886792,0.9642857142857143,5,4,6
"pos",0.75,1,0.75,1,0.8571428571428571,"svm",0.9090909090909091,0.7924528301886792,0.9642857142857143,5,4,7
"pos",0.75,1,0.75,1,0.8571428571428571,"svm",0.9090909090909091,0.7924528301886792,0.9642857142857143,5,4,8
"pos",0.75,1,0.75,1,0.8571428571428571,"svm",0.9090909090909091,0.7924528301886792,0.9642857142857143,5,4,9
"pos",1,1,1,1,1,"svm",1,1,1,2,1,0
"pos",1,1,1,1,1,"svm",1,1,1,5,2,1
"pos",1,1,1,1,1,"svm",1,1,1,6,3,2
"pos",1,1,1,1,1,"svm",1,1,1,8,4,3
"pos",1,1,1,1,1,"svm",1,1,1,9,5,4
"pos",1,1,1,1,1,"svm",1,1,1,14,6,5
"pos",1,1,1,1,1,"svm",1,1,1,15,7,6
"pos",1,1,1,1,1,"svm",1,1,1,15,7,7
"pos",1,1,1,1,1,"svm",1,1,1,15,7,8
"pos",1,1,1,1,1,"svm",1,1,1,15,7,9
"pos",0.75,1,0.75,1,0.8571428571428571,"svm",0.9090909090909091,0.7924528301886792,1,11,1,0
"pos",0.75,1,0.75,1,0.8571428571428571,"svm",0.9090909090909091,0.7924528301886792,1,12,2,1
"pos",0.75,1,0.75,1,0.8571428571428571,"svm",0.9090909090909091,0.7924528301886792,1,13,3,2
"pos",0.75,1,0.75,1,0.8571428571428571,"svm",0.9090909090909091,0.7924528301886792,1,14,4,3
"pos",0.5,1,0.5,1,0.6666666666666666,"svm",0.8181818181818182,0.56,1,15,5,4
"pos",0.5,1,0.5,1,0.6666666666666666,"svm",0.8181818181818182,0.56,1,16,6,5
"pos",0.5,1,0.5,1,0.6666666666666666,"svm",0.8181818181818182,0.56,1,16,6,6
"pos",0.5,1,0.5,1,0.6666666666666666,"svm",0.8181818181818182,0.56,1,16,6,7
"pos",0.5,1,0.5,1,0.6666666666666666,"svm",0.8181818181818182,0.56,1,16,6,8
"pos",0.5,1,0.5,1,0.6666666666666666,"svm",0.8181818181818182,0.56,1,16,6,9
"pos",0.75,0.6,0.75,0.7142857142857143,0.6666666666666665,"svm",0.7272727272727273,0.44067796610169485,0.75,16,1,0
"pos",0.75,0.6,0.75,0.7142857142857143,0.6666666666666665,"svm",0.7272727272727273,0.44067796610169485,0.7857142857142857,23,2,1
"pos",1,0.6666666666666666,1,0.7142857142857143,0.8,"svm",0.8181818181818182,0.6451612903225807,0.7857142857142857,38,3,2
"pos",1,0.6666666666666666,1,0.7142857142857143,0.8,"svm",0.8181818181818182,0.6451612903225807,0.7857142857142857,39,4,3
"pos",1,0.6666666666666666,1,0.7142857142857143,0.8,"svm",0.8181818181818182,0.6451612903225807,0.7857142857142857,40,5,4
"pos",1,0.6666666666666666,1,0.7142857142857143,0.8,"svm",0.8181818181818182,0.6451612903225807,0.7857142857142857,41,6,5
"pos",1,0.6666666666666666,1,0.7142857142857143,0.8,"svm",0.8181818181818182,0.6451612903225807,0.7857142857142857,42,7,6
"pos",1,0.6666666666666666,1,0.7142857142857143,0.8,"svm",0.8181818181818182,0.6451612903225807,0.7857142857142857,42,7,7
"pos",1,0.6666666666666666,1,0.7142857142857143,0.8,"svm",0.8181818181818182,0.6451612903225807,0.7857142857142857,42,7,8
"pos",1,0.6666666666666666,1,0.7142857142857143,0.8,"svm",0.8181818181818182,0.6451612903225807,0.7857142857142857,42,7,9
"pos",0.5,1,0.5,1,0.6666666666666666,"svm",0.8181818181818182,0.56,1,4,1,0
"pos",0.5,1,0.5,1,0.6666666666666666,"svm",0.8181818181818182,0.56,1,4,1,1
"pos",0.5,1,0.5,1,0.6666666666666666,"svm",0.8181818181818182,0.56,1,4,1,2
"pos",0.5,1,0.5,1,0.6666666666666666,"svm",0.8181818181818182,0.56,1,4,1,3
"pos",0.5,1,0.5,1,0.6666666666666666,"svm",0.8181818181818182,0.56,1,4,1,4
"pos",0.5,1,0.5,1,0.6666666666666666,"svm",0.8181818181818182,0.56,1,4,1,5
"pos",0.5,1,0.5,1,0.6666666666666666,"svm",0.8181818181818182,0.56,1,4,1,6
"pos",0.5,1,0.5,1,0.6666666666666666,"svm",0.8181818181818182,0.56,1,4,1,7
"pos",0.5,1,0.5,1,0.6666666666666666,"svm",0.8181818181818182,0.56,1,4,1,8
"pos",0.5,1,0.5,1,0.6666666666666666,"svm",0.8181818181818182,0.56,1,4,1,9
"pos",1,1,1,1,1,"svm",1,1,1,2,1,0
"pos",1,1,1,1,1,"svm",1,1,1,2,1,1
"pos",1,1,1,1,1,"svm",1,1,1,2,1,2
"pos",1,1,1,1,1,"svm",1,1,1,2,1,3
"pos",1,1,1,1,1,"svm",1,1,1,2,1,4
"pos",1,1,1,1,1,"svm",1,1,1,2,1,5
"pos",1,1,1,1,1,"svm",1,1,1,2,1,6
"pos",1,1,1,1,1,"svm",1,1,1,2,1,7
"pos",1,1,1,1,1,"svm",1,1,1,2,1,8
"pos",1,1,1,1,1,"svm",1,1,1,2,1,9
"pos",1,1,1,1,1,"svm",1,1,1,7,1,0
"pos",1,1,1,1,1,"svm",1,1,1,8,2,1
"pos",1,1,1,1,1,"svm",1,1,1,12,3,2
"pos",0.75,1,0.75,1,0.8571428571428571,"svm",0.9090909090909091,0.7924528301886792,1,14,4,3
"pos",0.75,1,0.75,1,0.8571428571428571,"svm",0.9090909090909091,0.7924528301886792,1,14,4,4
"pos",0.75,1,0.75,1,0.8571428571428571,"svm",0.9090909090909091,0.7924528301886792,1,14,4,5
"pos",0.75,1,0.75,1,0.8571428571428571,"svm",0.9090909090909091,0.7924528301886792,1,14,4,6
"pos",0.75,1,0.75,1,0.8571428571428571,"svm",0.9090909090909091,0.7924528301886792,1,14,4,7
"pos",0.75,1,0.75,1,0.8571428571428571,"svm",0.9090909090909091,0.7924528301886792,1,14,4,8
"pos",0.75,1,0.75,1,0.8571428571428571,"svm",0.9090909090909091,0.7924528301886792,1,14,4,9
"pos",0.75,0.6,0.75,0.7142857142857143,0.6666666666666665,"svm",0.7272727272727273,0.44067796610169485,0.8214285714285714,9,1,0
"pos",0.75,0.6,0.75,0.7142857142857143,0.6666666666666665,"svm",0.7272727272727273,0.44067796610169485,0.8214285714285714,11,2,1
"pos",1,0.8,1,0.8571428571428571,0.888888888888889,"svm",0.9090909090909091,0.8135593220338982,0.9642857142857143,16,3,2
"pos",1,0.8,1,0.8571428571428571,0.888888888888889,"svm",0.9090909090909091,0.8135593220338982,0.9642857142857143,16,3,3
"pos",1,0.8,1,0.8571428571428571,0.888888888888889,"svm",0.9090909090909091,0.8135593220338982,0.9642857142857143,16,3,4
"pos",1,0.8,1,0.8571428571428571,0.888888888888889,"svm",0.9090909090909091,0.8135593220338982,0.9642857142857143,16,3,5
"pos",1,0.8,1,0.8571428571428571,0.888888888888889,"svm",0.9090909090909091,0.8135593220338982,0.9642857142857143,16,3,6
"pos",1,0.8,1,0.8571428571428571,0.888888888888889,"svm",0.9090909090909091,0.8135593220338982,0.9642857142857143,16,3,7
"pos",1,0.8,1,0.8571428571428571,0.888888888888889,"svm",0.9090909090909091,0.8135593220338982,0.9642857142857143,16,3,8
"pos",1,0.8,1,0.8571428571428571,0.888888888888889,"svm",0.9090909090909091,0.8135593220338982,0.9642857142857143,16,3,9
"pos",0.75,0.75,0.75,0.8571428571428571,0.75,"svm",0.8181818181818182,0.6071428571428573,0.9642857142857143,15,1,0
"pos",0.75,0.75,0.75,0.8571428571428571,0.75,"svm",0.8181818181818182,0.6071428571428573,0.9642857142857143,17,2,1
"pos",0.75,0.75,0.75,0.8571428571428571,0.75,"svm",0.8181818181818182,0.6071428571428573,0.9642857142857143,18,3,2
"pos",0.75,0.75,0.75,0.8571428571428571,0.75,"svm",0.8181818181818182,0.6071428571428573,0.9642857142857143,18,3,3
"pos",0.75,0.75,0.75,0.8571428571428571,0.75,"svm",0.8181818181818182,0.6071428571428573,0.9642857142857143,18,3,4
"pos",0.75,0.75,0.75,0.8571428571428571,0.75,"svm",0.8181818181818182,0.6071428571428573,0.9642857142857143,18,3,5
"pos",0.75,0.75,0.75,0.8571428571428571,0.75,"svm",0.8181818181818182,0.6071428571428573,0.9642857142857143,18,3,6
"pos",0.75,0.75,0.75,0.8571428571428571,0.75,"svm",0.8181818181818182,0.6071428571428573,0.9642857142857143,18,3,7
"pos",0.75,0.75,0.75,0.8571428571428571,0.75,"svm",0.8181818181818182,0.6071428571428573,0.9642857142857143,18,3,8
"pos",0.75,0.75,0.75,0.8571428571428571,0.75,"svm",0.8181818181818182,0.6071428571428573,0.9642857142857143,18,3,9
"pos",1,0.8,1,0.8571428571428571,0.888888888888889,"svm",0.9090909090909091,0.8135593220338982,0.9642857142857143,9,1,0
"pos",1,0.8,1,0.8571428571428571,0.888888888888889,"svm",0.9090909090909091,0.8135593220338982,1,10,2,1
"pos",1,0.8,1,0.8571428571428571,0.888888888888889,"svm",0.9090909090909091,0.8135593220338982,1,11,3,2
"pos",1,0.8,1,0.8571428571428571,0.888888888888889,"svm",0.9090909090909091,0.8135593220338982,1,12,4,3
"pos",1,0.8,1,0.8571428571428571,0.888888888888889,"svm",0.9090909090909091,0.8135593220338982,1,13,5,4
"pos",1,0.8,1,0.8571428571428571,0.888888888888889,"svm",0.9090909090909091,0.8135593220338982,1,13,5,5
"pos",1,0.8,1,0.8571428571428571,0.888888888888889,"svm",0.9090909090909091,0.8135593220338982,1,13,5,6
"pos",1,0.8,1,0.8571428571428571,0.888888888888889,"svm",0.9090909090909091,0.8135593220338982,1,13,5,7
"pos",1,0.8,1,0.8571428571428571,0.888888888888889,"svm",0.9090909090909091,0.8135593220338982,1,13,5,8
"pos",1,0.8,1,0.8571428571428571,0.888888888888889,"svm",0.9090909090909091,0.8135593220338982,1,13,5,9
"pos",1,1,1,1,1,"svm",1,1,1,47,1,0
"pos",0.5,1,0.5,1,0.6666666666666666,"svm",0.8181818181818182,0.56,0.9642857142857143,67,2,1
"pos",1,1,1,1,1,"svm",1,1,1,73,3,2
"pos",1,1,1,1,1,"svm",1,1,1,75,4,3
"pos",1,1,1,1,1,"svm",1,1,1,76,5,4
"pos",0.5,1,0.5,1,0.6666666666666666,"svm",0.8181818181818182,0.56,1,78,6,5
"pos",0.5,1,0.5,1,0.6666666666666666,"svm",0.8181818181818182,0.56,1,78,6,6
"pos",0.5,1,0.5,1,0.6666666666666666,"svm",0.8181818181818182,0.56,1,78,6,7
"pos",0.5,1,0.5,1,0.6666666666666666,"svm",0.8181818181818182,0.56,1,78,6,8
"pos",0.5,1,0.5,1,0.6666666666666666,"svm",0.8181818181818182,0.56,1,78,6,9
"pos",1,0.8,1,0.8571428571428571,0.888888888888889,"svm",0.9090909090909091,0.8135593220338982,1,21,1,0
"pos",1,0.8,1,0.8571428571428571,0.888888888888889,"svm",0.9090909090909091,0.8135593220338982,1,23,2,1
"pos",1,0.8,1,0.8571428571428571,0.888888888888889,"svm",0.9090909090909091,0.8135593220338982,1,23,2,2
"pos",1,0.8,1,0.8571428571428571,0.888888888888889,"svm",0.9090909090909091,0.8135593220338982,1,23,2,3
"pos",1,0.8,1,0.8571428571428571,0.888888888888889,"svm",0.9090909090909091,0.8135593220338982,1,23,2,4
"pos",1,0.8,1,0.8571428571428571,0.888888888888889,"svm",0.9090909090909091,0.8135593220338982,1,23,2,5
"pos",1,0.8,1,0.8571428571428571,0.888888888888889,"svm",0.9090909090909091,0.8135593220338982,1,23,2,6
"pos",1,0.8,1,0.8571428571428571,0.888888888888889,"svm",0.9090909090909091,0.8135593220338982,1,23,2,7
"pos",1,0.8,1,0.8571428571428571,0.888888888888889,"svm",0.9090909090909091,0.8135593220338982,1,23,2,8
"pos",1,0.8,1,0.8571428571428571,0.888888888888889,"svm",0.9090909090909091,0.8135593220338982,1,23,2,9
"pos",1,1,1,1,1,"svm",1,1,1,9,1,0
"pos",1,1,1,1,1,"svm",1,1,1,10,2,1
"pos",1,1,1,1,1,"svm",1,1,1,14,3,2
"pos",1,1,1,1,1,"svm",1,1,1,17,4,3
"pos",1,1,1,1,1,"svm",1,1,1,27,5,4
"pos",1,1,1,1,1,"svm",1,1,1,28,6,5
"pos",1,1,1,1,1,"svm",1,1,1,29,7,6
"pos",1,1,1,1,1,"svm",1,1,1,30,8,7
"pos",1,1,1,1,1,"svm",1,1,1,31,9,8
"pos",1,1,1,1,1,"svm",1,1,1,32,10,9
"pos",0.75,0.75,0.75,0.8571428571428571,0.75,"svm",0.8181818181818182,0.6071428571428573,0.9642857142857143,57,1,0
"pos",1,0.8,1,0.8571428571428571,0.888888888888889,"svm",0.9090909090909091,0.8135593220338982,0.9642857142857143,74,2,1
"pos",0.75,0.75,0.75,0.8571428571428571,0.75,"svm",0.8181818181818182,0.6071428571428573,0.9642857142857143,78,3,2
"pos",0.75,0.75,0.75,0.8571428571428571,0.75,"svm",0.8181818181818182,0.6071428571428573,0.9642857142857143,79,4,3
"pos",0.75,0.75,0.75,0.8571428571428571,0.75,"svm",0.8181818181818182,0.6071428571428573,0.9642857142857143,81,5,4
"pos",0.75,0.75,0.75,0.8571428571428571,0.75,"svm",0.8181818181818182,0.6071428571428573,0.9642857142857143,83,6,5
"pos",0.75,0.75,0.75,0.8571428571428571,0.75,"svm",0.8181818181818182,0.6071428571428573,0.9642857142857143,84,7,6
"pos",0.75,0.75,0.75,0.8571428571428571,0.75,"svm",0.8181818181818182,0.6071428571428573,0.9642857142857143,85,8,7
"pos",0.75,0.75,0.75,0.8571428571428571,0.75,"svm",0.8181818181818182,0.6071428571428573,0.9642857142857143,85,8,8
"pos",0.75,0.75,0.75,0.8571428571428571,0.75,"svm",0.8181818181818182,0.6071428571428573,0.9642857142857143,85,8,9
"pos",1,0.6666666666666666,1,0.7142857142857143,0.8,"svm",0.8181818181818182,0.6451612903225807,0.9642857142857143,3,1,0
"pos",1,0.6666666666666666,1,0.7142857142857143,0.8,"svm",0.8181818181818182,0.6451612903225807,0.9642857142857143,3,1,1
"pos",1,0.6666666666666666,1,0.7142857142857143,0.8,"svm",0.8181818181818182,0.6451612903225807,0.9642857142857143,3,1,2
"pos",1,0.6666666666666666,1,0.7142857142857143,0.8,"svm",0.8181818181818182,0.6451612903225807,0.9642857142857143,3,1,3
"pos",1,0.6666666666666666,1,0.7142857142857143,0.8,"svm",0.8181818181818182,0.6451612903225807,0.9642857142857143,3,1,4
"pos",1,0.6666666666666666,1,0.7142857142857143,0.8,"svm",0.8181818181818182,0.6451612903225807,0.9642857142857143,3,1,5
"pos",1,0.6666666666666666,1,0.7142857142857143,0.8,"svm",0.8181818181818182,0.6451612903225807,0.9642857142857143,3,1,6
"pos",1,0.6666666666666666,1,0.7142857142857143,0.8,"svm",0.8181818181818182,0.6451612903225807,0.9642857142857143,3,1,7
"pos",1,0.6666666666666666,1,0.7142857142857143,0.8,"svm",0.8181818181818182,0.6451612903225807,0.9642857142857143,3,1,8
"pos",1,0.6666666666666666,1,0.7142857142857143,0.8,"svm",0.8181818181818182,0.6451612903225807,0.9642857142857143,3,1,9
"pos",1,1,1,1,1,"svm",1,1,1,21,1,0
"pos",0.75,1,0.75,1,0.8571428571428571,"svm",0.9090909090909091,0.7924528301886792,1,22,2,1
"pos",1,1,1,1,1,"svm",1,1,1,27,3,2
"pos",1,1,1,1,1,"svm",1,1,1,28,4,3
"pos",1,1,1,1,1,"svm",1,1,1,29,5,4
"pos",1,1,1,1,1,"svm",1,1,1,29,5,5
"pos",1,1,1,1,1,"svm",1,1,1,29,5,6
"pos",1,1,1,1,1,"svm",1,1,1,29,5,7
"pos",1,1,1,1,1,"svm",1,1,1,29,5,8
"pos",1,1,1,1,1,"svm",1,1,1,29,5,9
"pos",1,0.8,1,0.8571428571428571,0.888888888888889,"svm",0.9090909090909091,0.8135593220338982,0.9642857142857142,3,1,0
"pos",1,0.8,1,0.8571428571428571,0.888888888888889,"svm",0.9090909090909091,0.8135593220338982,0.9642857142857142,4,2,1
"pos",0.75,0.75,0.75,0.8571428571428571,0.75,"svm",0.8181818181818182,0.6071428571428573,0.9642857142857143,10,3,2
"pos",0.75,0.75,0.75,0.8571428571428571,0.75,"svm",0.8181818181818182,0.6071428571428573,0.9642857142857143,10,3,3
"pos",0.75,0.75,0.75,0.8571428571428571,0.75,"svm",0.8181818181818182,0.6071428571428573,0.9642857142857143,10,3,4
"pos",0.75,0.75,0.75,0.8571428571428571,0.75,"svm",0.8181818181818182,0.6071428571428573,0.9642857142857143,10,3,5
"pos",0.75,0.75,0.75,0.8571428571428571,0.75,"svm",0.8181818181818182,0.6071428571428573,0.9642857142857143,10,3,6
"pos",0.75,0.75,0.75,0.8571428571428571,0.75,"svm",0.8181818181818182,0.6071428571428573,0.9642857142857143,10,3,7
"pos",0.75,0.75,0.75,0.8571428571428571,0.75,"svm",0.8181818181818182,0.6071428571428573,0.9642857142857143,10,3,8
"pos",0.75,0.75,0.75,0.8571428571428571,0.75,"svm",0.8181818181818182,0.6071428571428573,0.9642857142857143,10,3,9
"pos",0.5,0.6666666666666666,0.5,0.8571428571428571,0.5714285714285715,"svm",0.7272727272727273,0.37735849056603776,0.8928571428571428,4,1,0
"pos",0.75,1,0.75,1,0.8571428571428571,"svm",0.9090909090909091,0.7924528301886792,0.9285714285714286,11,2,1
"pos",0.75,1,0.75,1,0.8571428571428571,"svm",0.9090909090909091,0.7924528301886792,0.9285714285714285,13,3,2
"pos",0.75,1,0.75,1,0.8571428571428571,"svm",0.9090909090909091,0.7924528301886792,0.9642857142857142,21,4,3
"pos",0.75,1,0.75,1,0.8571428571428571,"svm",0.9090909090909091,0.7924528301886792,0.9642857142857142,22,5,4
"pos",0.75,1,0.75,1,0.8571428571428571,"svm",0.9090909090909091,0.7924528301886792,0.9642857142857142,25,6,5
"pos",0.75,1,0.75,1,0.8571428571428571,"svm",0.9090909090909091,0.7924528301886792,1,27,7,6
"pos",0.75,1,0.75,1,0.8571428571428571,"svm",0.9090909090909091,0.7924528301886792,1,28,8,7
"pos",0.75,1,0.75,1,0.8571428571428571,"svm",0.9090909090909091,0.7924528301886792,1,37,9,8
"pos",0.75,1,0.75,1,0.8571428571428571,"svm",0.9090909090909091,0.7924528301886792,1,38,10,9
"pos",0.75,0.75,0.75,0.8571428571428571,0.75,"svm",0.8181818181818182,0.6071428571428573,0.9285714285714286,3,1,0
"pos",0.5,0.6666666666666666,0.5,0.8571428571428571,0.5714285714285715,"svm",0.7272727272727273,0.37735849056603776,0.9285714285714286,7,2,1
"pos",0.5,0.6666666666666666,0.5,0.8571428571428571,0.5714285714285715,"svm",0.7272727272727273,0.37735849056603776,0.9285714285714286,10,3,2
"pos",0.5,0.6666666666666666,0.5,0.8571428571428571,0.5714285714285715,"svm",0.7272727272727273,0.37735849056603776,0.9285714285714286,11,4,3
"pos",0.5,0.6666666666666666,0.5,0.8571428571428571,0.5714285714285715,"svm",0.7272727272727273,0.37735849056603776,0.9285714285714286,12,5,4
"pos",0.5,0.6666666666666666,0.5,0.8571428571428571,0.5714285714285715,"svm",0.7272727272727273,0.37735849056603776,0.9285714285714286,12,5,5
"pos",0.5,0.6666666666666666,0.5,0.8571428571428571,0.5714285714285715,"svm",0.7272727272727273,0.37735849056603776,0.9285714285714286,12,5,6
"pos",0.5,0.6666666666666666,0.5,0.8571428571428571,0.5714285714285715,"svm",0.7272727272727273,0.37735849056603776,0.9285714285714286,12,5,7
"pos",0.5,0.6666666666666666,0.5,0.8571428571428571,0.5714285714285715,"svm",0.7272727272727273,0.37735849056603776,0.9285714285714286,12,5,8
"pos",0.5,0.6666666666666666,0.5,0.8571428571428571,0.5714285714285715,"svm",0.7272727272727273,0.37735849056603776,0.9285714285714286,12,5,9
"pos",1,1,1,1,1,"svm",1,1,1,9,1,0
"pos",1,1,1,1,1,"svm",1,1,1,10,2,1
"pos",1,1,1,1,1,"svm",1,1,1,15,3,2
"pos",1,1,1,1,1,"svm",1,1,1,16,4,3
"pos",1,1,1,1,1,"svm",1,1,1,19,5,4
"pos",1,1,1,1,1,"svm",1,1,1,20,6,5
"pos",1,1,1,1,1,"svm",1,1,1,21,7,6
"pos",1,1,1,1,1,"svm",1,1,1,22,8,7
"pos",1,1,1,1,1,"svm",1,1,1,22,8,8
"pos",1,1,1,1,1,"svm",1,1,1,22,8,9
